ID,Họ tên,Tuổi,Giới tính,Email,Địa chỉ
1,Nhật Mai,53,Nữ,john74@example.org,"8 Phạm Tổ, Quận JohnThị xã, 672846"
2,Bà Hồng Vũ,78,Nam,maijane@example.com,"4 Jane Hẻm, Thị xã JaneThành phố, 239825"
3,Phương Nguyễn,20,Nam,nguyenjohn@example.com,"81 Nguyễn Số, JaneXã, 151211"
4,Cô Ánh Nguyễn,72,Nữ,itran@example.com,"8 Jane Khu, JohnQuận, 729382"
5,Ngọc Đặng,75,Nam,xtran@example.com,"966 Lê Tổ, Quận JohnPhường, 194857"
6,Nhiên Đức Vũ,41,Nam,tranjane@example.net,"54 Lê Đường, Quận JaneThị xã, 411326"
7,Chị Dương Bùi,23,Nam,janenguyen@example.com,"54 John Hẻm, Quận JohnQuận, 439639"
8,Nhật Nguyễn,47,Nam,jane24@example.net,"479 Vũ Ngõ, Thành phố JohnPhường, 227187"
9,Cô Dương Bùi,67,Nam,edang@example.net,"620 Dương Hẻm, Thành phố JaneHuyện, 452303"
10,Ông Phúc Nguyễn,31,Nam,janetran@example.net,"739 John Đường, Quận JohnThành phố, 105202"
11,Bảo Vũ,19,Nữ,jane26@example.com,"995 Jane Làng, Thị xã JohnThành phố, 108766"
12,Quý cô Kim Phạm,77,Nữ,janedang@example.com,"28 John Dãy, Quận JaneHuyện, 519152"
13,Quý cô Dương Vũ,55,Nữ,john28@example.com,"08 John Số, Huyện JanePhường, 924439"
14,Chi Lê,41,Nam,phamjane@example.org,"70 John Khu, Quận JohnXã, 543503"
15,Quý cô Hồng Hoàng,26,Nam,lejohn@example.net,"596 Mai Làng, JaneThị xã, 711798"
16,Hà Mai,67,Nữ,johnpham@example.net,"9 Jane Khu, Thị xã JaneQuận, 132498"
17,Hạnh Hoàng Lê,58,Nam,dnguyen@example.com,"040 Jane Số, Quận JohnThành phố, 650008"
18,Anh Minh Lê,49,Nam,buijane@example.net,"4 Trần Làng, JaneThị xã, 982359"
19,Duyên Đặng,43,Nam,lejane@example.org,"256 Jane Đường, Quận JohnPhường, 876331"
20,Bảo Hải Nguyễn,44,Nam,jane08@example.net,"4 Mai Đường, Quận JohnQuận, 435812"
21,Khoa Dương,48,Nữ,johnduong@example.com,"JaneXã, 830 Phạm Tổ, 439385"
22,Quý ông Khoa Mai,38,Nam,buijane@example.org,"93 Mai Hẻm, Quận JohnQuận, 816223"
23,Hà Văn Lê,30,Nam,janevu@example.org,"66 John Làng, Huyện JaneXã, 567786"
24,Châu Phạm,32,Nam,john53@example.org,"753 Nguyễn Số, Quận JohnThành phố, 868960"
25,Dũng Hoàng Mai,50,Nam,janemai@example.com,"5 Bùi Tổ, Huyện JohnThành phố, 584317"
26,Chị Hương Lê,47,Nam,fbui@example.org,"0 Vũ Tổ, Thành phố JaneThị xã, 937561"
27,Phương Hải Nguyễn,56,Nam,lejane@example.net,"999 Nguyễn Số, Thành phố JohnQuận, 433720"
28,Chị Mai Trần,63,Nam,johnmai@example.org,"8 Vũ Hẻm, Thị xã JaneXã, 498182"
29,Kim Thị Lê,58,Nữ,eduong@example.net,"630 John Khu, Quận JohnPhường, 861204"
30,Quý cô Ngọc Hoàng,63,Nữ,johnpham@example.net,"469 Jane Dãy, Huyện JaneXã, 509268"
31,Hạnh Dương,42,Nữ,dnguyen@example.net,"17 Vũ Đường, Thành phố JaneQuận, 160522"
32,Hải Tấn Đặng,70,Nữ,janeduong@example.net,"12 Phạm Dãy, JohnHuyện, 599119"
33,Khoa Đức Mai,62,Nam,maijane@example.net,"3 Bùi Đường, JohnThành phố, 656282"
34,Hải Bùi,42,Nữ,john41@example.net,"968 Dương Hẻm, JohnXã, 553226"
35,Dương Trần,71,Nam,lejane@example.com,"34 Lê Số, Thị xã JaneHuyện, 245923"
36,Quý cô Hạnh Lê,71,Nữ,wduong@example.org,"44 Đặng Tổ, JohnHuyện, 375854"
37,Cô Hải Trần,21,Nữ,jane82@example.org,"193 Jane Số, JaneThị xã, 882613"
38,Bà Hạnh Mai,52,Nam,hmai@example.com,"62 Jane Làng, Thành phố JaneHuyện, 536745"
39,Dương Bùi,46,Nữ,jane08@example.com,"28 Phạm Hẻm, JohnThành phố, 978201"
40,Lâm Lê,76,Nam,johnvu@example.com,"6 Nguyễn Đường, Thị xã JaneXã, 173039"
41,Thành Hải Vũ,79,Nữ,johnle@example.net,"0 Lê Dãy, JaneHuyện, 745078"
42,Hương Bùi,30,Nữ,jane18@example.org,"6 Jane Tổ, Thị xã JohnXã, 813364"
43,Bà Thành Dương,75,Nam,ibui@example.com,"049 Vũ Số, JaneQuận, 494427"
44,Minh Đặng,70,Nữ,sduong@example.net,"9 Jane Ngõ, Huyện JohnQuận, 811837"
45,Anh Đức Vũ,34,Nữ,dangjane@example.com,"9 Dương Tổ, Huyện JohnQuận, 157623"
46,Hoàng Trí Lê,60,Nam,john40@example.com,"731 Jane Dãy, Thành phố JaneThành phố, 605039"
47,Hà Dương,31,Nữ,janevu@example.com,"669 Jane Ngõ, Thị xã JanePhường, 601616"
48,Phương Phú Lê,40,Nữ,maijane@example.net,"85 John Làng, JohnHuyện, 947641"
49,Hà Hoàng,28,Nữ,jane16@example.org,"64 Hoàng Số, Huyện JohnThị xã, 942604"
50,Nhật Phú Dương,66,Nữ,ttran@example.com,"0 John Tổ, Thành phố JohnThị xã, 104692"
51,Bà Dương Trần,32,Nam,janebui@example.com,"85 John Làng, Huyện JaneThị xã, 479776"
52,Chị Bảo Phạm,22,Nam,john39@example.com,"74 John Đường, Huyện JaneQuận, 541282"
53,Cô Ánh Bùi,77,Nam,janenguyen@example.com,"Quận JohnHuyện, 4 John Khu, 579794"
54,Xuân Phạm,63,Nam,janedang@example.org,"3 Đặng Số, Thành phố JohnHuyện, 877522"
55,Quang Thị Vũ,59,Nữ,eduong@example.org,"20 Lê Làng, Thị xã JohnHuyện, 363992"
56,Minh Quang Đặng,75,Nam,johndang@example.com,"67 Nguyễn Làng, JohnXã, 809780"
57,Ông Dũng Đặng,57,Nữ,john45@example.net,"6 Đặng Số, Quận JaneThành phố, 913064"
58,Nhiên Nguyễn,38,Nữ,mdang@example.org,"73 Phạm Khu, JohnXã, 212954"
59,Vi Bùi,74,Nữ,john97@example.net,"0 John Số, Huyện JohnXã, 698779"
60,Hải Thế Bùi,30,Nữ,john77@example.com,"732 Đặng Làng, JohnXã, 433715"
61,Lâm Dương,69,Nam,maijohn@example.net,"235 Hoàng Số, JohnThị xã, 686143"
62,Xuân Mai,56,Nam,hoangjohn@example.org,"32 Bùi Tổ, Quận JaneXã, 366755"
63,Hoàng Hải Trần,45,Nữ,johnmai@example.org,"238 Jane Làng, JaneXã, 393147"
64,Quý cô Vi Đặng,71,Nam,john37@example.com,"6 Hoàng Dãy, JanePhường, 415601"
65,Chị Hạnh Mai,41,Nam,hoangjohn@example.com,"56 Nguyễn Khu, JohnXã, 218497"
66,Quang Hoàng Dương,55,Nam,enguyen@example.net,"57 John Tổ, Huyện JanePhường, 648479"
67,Anh Lê,24,Nam,johndang@example.net,"Quận JohnPhường, 97 Jane Ngõ, 577505"
68,Chị Hà Phạm,76,Nam,tranjohn@example.net,"8 Jane Ngõ, JaneXã, 543720"
69,Hạnh Xuân Vũ,65,Nam,john72@example.net,"55 Jane Hẻm, Thị xã JaneQuận, 384089"
70,Trọng Vũ,35,Nam,tranjane@example.com,"957 Jane Hẻm, JohnPhường, 156258"
71,Ánh Đặng,32,Nam,jane05@example.net,"8 John Ngõ, Thị xã JohnThị xã, 464080"
72,Thành Mai Đặng,66,Nam,jane15@example.org,"05 John Dãy, JaneQuận, 295557"
73,Lâm Hữu Dương,21,Nam,hnguyen@example.com,"807 Jane Số, JohnQuận, 577785"
74,Duyên Trần,34,Nam,janetran@example.com,"1 Hoàng Số, JohnXã, 634087"
75,Vân Trần,38,Nữ,evu@example.org,"2 Vũ Dãy, Huyện JaneThị xã, 817615"
76,Nam Hoàng,28,Nữ,johnle@example.org,"735 John Đường, Thành phố JaneXã, 733470"
77,Quý ông Dũng Đặng,44,Nam,sduong@example.net,"11 Jane Tổ, Thị xã JaneXã, 780871"
78,Khoa Thị Lê,54,Nữ,john71@example.org,"7 John Hẻm, JohnQuận, 300717"
79,Nhiên Mai,76,Nam,nguyenjohn@example.com,"69 Mai Số, Huyện JaneHuyện, 387015"
80,Phương Đặng,49,Nữ,jane30@example.com,"279 Jane Dãy, Thị xã JohnPhường, 279873"
81,Ông Châu Hoàng,39,Nữ,buijohn@example.org,"54 Nguyễn Đường, Thị xã JaneQuận, 994461"
82,Quý cô Kim Hoàng,47,Nam,john09@example.com,"37 Vũ Ngõ, JaneHuyện, 474898"
83,Minh Đặng,38,Nam,janevu@example.org,"191 John Khu, JaneThị xã, 412591"
84,Chị Ngọc Trần,29,Nam,bpham@example.org,"7 Jane Ngõ, JohnXã, 738881"
85,Quý cô Kim Dương,19,Nữ,duongjohn@example.net,"00 Lê Dãy, Thị xã JaneThành phố, 498002"
86,Quý cô Linh Lê,45,Nam,lejane@example.com,"147 Jane Khu, Thị xã JohnThị xã, 117500"
87,Trung Văn Lê,38,Nam,phamjane@example.net,"806 Đặng Đường, JohnXã, 137848"
88,Bác Tùng Vũ,69,Nam,amai@example.net,"776 Lê Làng, Thị xã JohnThị xã, 655638"
89,Chị Lan Trần,35,Nữ,udang@example.org,"93 Dương Khu, JaneThị xã, 115989"
90,Nhiên Thị Bùi,80,Nam,fle@example.org,"266 Dương Tổ, JohnHuyện, 628143"
91,Bà Xuân Dương,67,Nữ,janevu@example.com,"240 Dương Đường, JohnPhường, 940367"
92,Ông Châu Phạm,64,Nữ,ppham@example.com,"9 Jane Tổ, JohnThị xã, 902850"
93,Quý ông Hoàng Nguyễn,44,Nam,john67@example.net,"1 John Ngõ, Thành phố JaneThị xã, 470702"
94,Quý cô Mai Dương,78,Nữ,john80@example.com,"2 John Đường, Thành phố JohnQuận, 152859"
95,Bà Nhật Đặng,25,Nam,jane23@example.com,"68 Lê Tổ, Thành phố JohnHuyện, 573176"
96,Bảo Thế Hoàng,20,Nam,johnbui@example.com,"00 Bùi Dãy, Huyện JaneThành phố, 537523"
97,Bà Yến Nguyễn,37,Nữ,john40@example.com,"67 Jane Tổ, JohnThành phố, 643076"
98,Quý cô Hồng Lê,32,Nam,john59@example.com,"0 Jane Khu, JaneQuận, 328190"
99,Dương Mai,58,Nữ,itran@example.org,"1 Jane Số, JaneQuận, 256741"
100,Bác Hoàng Trần,38,Nam,jane92@example.com,"829 John Ngõ, JaneQuận, 683373"
101,Thảo Đặng,51,Nam,itran@example.org,"3 Nguyễn Khu, Huyện JanePhường, 178543"
102,Quý cô Dương Lê,62,Nữ,hoangjane@example.net,"4 Jane Làng, JanePhường, 478714"
103,Chị Hồng Nguyễn,49,Nữ,omai@example.net,"2 John Khu, Huyện JaneThị xã, 795276"
104,Phương Hữu Hoàng,46,Nữ,dangjane@example.com,"529 John Khu, JohnThành phố, 734363"
105,Yến Mai,40,Nữ,phamjane@example.net,"349 John Ngõ, JaneXã, 492868"
106,Phúc Nguyễn,19,Nữ,tpham@example.com,"008 John Số, JohnQuận, 458204"
107,Ngọc Mai,57,Nam,john95@example.org,"65 Jane Tổ, Thành phố JaneHuyện, 808857"
108,Phương Quang Vũ,21,Nữ,umai@example.net,"759 John Số, JaneThị xã, 207685"
109,Lâm Phú Đặng,37,Nữ,janepham@example.com,"727 Jane Tổ, JohnPhường, 500128"
110,An Đặng,78,Nam,dangjohn@example.com,"576 Dương Dãy, JaneXã, 156224"
111,Ánh Bùi,59,Nam,johnbui@example.org,"471 John Số, Huyện JohnQuận, 661155"
112,Tùng Bùi,51,Nam,johnvu@example.com,"58 Lê Khu, JohnXã, 733851"
113,Kim Bảo Hoàng,67,Nam,janetran@example.com,"4 Vũ Dãy, JaneXã, 860702"
114,Vũ Lê,76,Nữ,jane81@example.net,"66 Lê Ngõ, Huyện JohnThành phố, 173954"
115,Cô Thành Vũ,57,Nữ,janenguyen@example.com,"013 Jane Ngõ, JaneHuyện, 498115"
116,Bác Dũng Bùi,68,Nữ,tranjohn@example.org,"34 Hoàng Khu, JanePhường, 577093"
117,Anh Minh Trần,20,Nam,johndang@example.net,"06 Đặng Dãy, JohnHuyện, 205632"
118,Hạnh Vũ,56,Nam,jle@example.com,"Huyện JaneQuận, 9 Nguyễn Khu, 668811"
119,Quý cô Kim Đặng,35,Nữ,johnhoang@example.net,"5 Trần Ngõ, JaneHuyện, 655483"
120,Ông Bảo Dương,29,Nam,cmai@example.com,"95 Phạm Làng, Huyện JaneHuyện, 289722"
121,Vũ Phạm,55,Nam,hoangjohn@example.com,"933 John Hẻm, Thành phố JaneXã, 915640"
122,Hoàng Văn Nguyễn,21,Nam,upham@example.com,"5 John Khu, JaneThị xã, 855862"
123,Nhật Phạm,40,Nữ,john70@example.org,"03 Jane Đường, Thành phố JohnThành phố, 907648"
124,Anh Tùng Đặng,47,Nam,vujohn@example.org,"120 John Làng, JohnThị xã, 535129"
125,Quý ông Quang Mai,65,Nam,vmai@example.com,"03 Trần Tổ, JanePhường, 423538"
126,Hồng Lê,21,Nam,johntran@example.net,"35 Phạm Dãy, JaneXã, 244962"
127,Bác Quang Đặng,45,Nam,jane20@example.org,"1 Đặng Làng, JohnHuyện, 390545"
128,Quý cô Ngọc Lê,60,Nam,hoangjohn@example.org,"79 John Làng, Quận JohnThị xã, 663580"
129,Cô Hải Đặng,25,Nữ,john08@example.net,"513 Nguyễn Khu, JohnXã, 707021"
130,Quý ông Tú Trần,46,Nữ,janetran@example.com,"1 John Dãy, Thành phố JaneThành phố, 595083"
131,An Nguyễn,48,Nữ,johnhoang@example.org,"71 Mai Số, Quận JaneThị xã, 354930"
132,Chị Phương Phạm,80,Nam,john85@example.org,"694 Lê Ngõ, Thành phố JaneHuyện, 735243"
133,Duyên Phạm,55,Nữ,mtran@example.net,"42 Jane Khu, Thị xã JohnQuận, 759076"
134,Bà Ánh Đặng,31,Nữ,buijohn@example.net,"697 John Tổ, JaneThị xã, 828893"
135,Anh Văn Phạm,46,Nữ,john84@example.org,"487 Đặng Hẻm, JaneQuận, 114187"
136,Khoa Bùi,26,Nam,jane50@example.net,"01 John Đường, JohnQuận, 552863"
137,Lâm Quang Vũ,40,Nữ,fvu@example.com,"39 John Dãy, JaneHuyện, 268657"
138,Ông Hoàng Dương,26,Nam,tranjane@example.org,"837 Mai Số, Thị xã JohnQuận, 751154"
139,Quý ông Quang Đặng,33,Nam,vvu@example.org,"947 John Dãy, Thành phố JohnXã, 787098"
140,Hưng Phạm,63,Nam,jnguyen@example.net,"8 John Dãy, JaneQuận, 817428"
141,Phương Bùi,59,Nữ,janeduong@example.net,"14 Jane Hẻm, JohnThành phố, 835604"
142,Bảo Nguyễn,76,Nam,jane77@example.org,"78 Trần Số, Huyện JaneQuận, 849785"
143,Dũng Quang Nguyễn,30,Nữ,jane83@example.com,"504 Jane Hẻm, JaneXã, 287053"
144,Thành Nguyễn,75,Nữ,johnbui@example.net,"6 Đặng Làng, Thành phố JaneHuyện, 364293"
145,Quý ông Khoa Mai,54,Nam,john56@example.org,"58 Dương Hẻm, Huyện JaneQuận, 809026"
146,Dũng Lê,27,Nam,dhoang@example.org,"287 Jane Khu, JaneHuyện, 135910"
147,Chị Nhật Lê,74,Nam,john76@example.com,"Thành phố JaneQuận, 975 Mai Dãy, 116015"
148,Hà Văn Dương,52,Nam,lejane@example.org,"9 Jane Đường, Quận JaneThị xã, 117824"
149,Hà Thị Đặng,30,Nam,jpham@example.net,"06 John Đường, JaneThị xã, 270537"
150,Quý cô Phương Vũ,33,Nam,jane26@example.org,"19 Jane Tổ, Thị xã JanePhường, 589417"
151,Vi Phạm,61,Nam,rbui@example.net,"95 Bùi Làng, Thành phố JaneXã, 989270"
152,Bà Vi Lê,63,Nữ,jmai@example.com,"728 Jane Đường, JanePhường, 651014"
153,Chị Ngọc Đặng,27,Nam,dnguyen@example.net,"33 John Ngõ, JohnHuyện, 930965"
154,Bảo Mai Đặng,22,Nam,gbui@example.com,"54 Jane Làng, JaneHuyện, 888401"
155,Vi Mai,51,Nữ,johntran@example.net,"85 John Số, Thị xã JaneHuyện, 589809"
156,Anh Tú Đặng,63,Nam,cle@example.com,"48 Vũ Hẻm, JohnThành phố, 142785"
157,Trọng Hoàng,21,Nam,maijane@example.org,"68 John Hẻm, JaneThành phố, 730316"
158,Lâm Văn Dương,71,Nam,johnbui@example.com,"997 John Hẻm, JaneHuyện, 904387"
159,Bác Quang Lê,78,Nam,john21@example.com,"7 Trần Khu, JaneHuyện, 387553"
160,Tùng Bùi,74,Nam,johntran@example.com,"244 Jane Làng, Thành phố JohnQuận, 378414"
161,Vũ Mai,22,Nam,nguyenjohn@example.com,"4 Hoàng Đường, Huyện JohnQuận, 506909"
162,Anh Quang Đặng,65,Nữ,lle@example.net,"91 Mai Ngõ, JaneThị xã, 764551"
163,Thảo Phạm,62,Nam,hoangjane@example.org,"226 Lê Hẻm, Quận JaneThành phố, 602506"
164,An Nguyễn,61,Nữ,janepham@example.org,"6 Lê Dãy, Huyện JohnHuyện, 327963"
165,Minh Vũ,51,Nữ,phamjohn@example.com,"4 John Tổ, Huyện JohnHuyện, 556238"
166,Hạnh Văn Lê,68,Nam,johnvu@example.org,"34 Hoàng Tổ, Thành phố JaneThành phố, 862538"
167,Cô Dương Bùi,28,Nữ,ydang@example.com,"39 Jane Làng, JaneThành phố, 301921"
168,Bảo Văn Dương,63,Nam,hvu@example.net,"1 Jane Khu, Thành phố JaneQuận, 523965"
169,Quý cô Vi Lê,29,Nữ,janebui@example.com,"5 Mai Đường, JaneHuyện, 741164"
170,Chi Trần,19,Nữ,dle@example.net,"8 Mai Ngõ, JanePhường, 138650"
171,Thảo Đặng,63,Nữ,tranjane@example.org,"00 Dương Dãy, JaneHuyện, 119920"
172,Quý cô Vi Phạm,60,Nữ,john38@example.net,"21 Hoàng Đường, Quận JaneThị xã, 766603"
173,Lâm Đặng,46,Nam,john41@example.com,"5 Phạm Tổ, JohnPhường, 521524"
174,Quý ông Nhiên Dương,63,Nam,dangjane@example.com,"748 Hoàng Đường, Huyện JaneXã, 680868"
175,Trọng Mai Dương,18,Nam,znguyen@example.org,"110 John Tổ, JohnThành phố, 817338"
176,Dương Hoàng,61,Nữ,jane21@example.org,"5 Jane Tổ, JohnXã, 389233"
177,Yến Đặng,48,Nam,john58@example.com,"383 Nguyễn Dãy, JohnXã, 488192"
178,Châu Trí Dương,74,Nữ,johnmai@example.net,"331 Bùi Tổ, JohnHuyện, 594881"
179,Hạnh Bùi,65,Nam,ppham@example.net,"711 Dương Tổ, JohnQuận, 738035"
180,Anh Thành Lê,38,Nữ,dle@example.net,"3 Jane Dãy, JaneThị xã, 677662"
181,Bác Vũ Đặng,36,Nữ,xhoang@example.com,"76 Đặng Dãy, Huyện JohnThị xã, 933095"
182,Bà Ngọc Dương,28,Nam,ypham@example.com,"69 Dương Tổ, JohnPhường, 248398"
183,Thảo Trần,61,Nữ,jduong@example.com,"0 Jane Đường, JaneThị xã, 646754"
184,Bác Bảo Lê,46,Nữ,jane48@example.net,"664 Jane Ngõ, Thị xã JohnThị xã, 556266"
185,Quý ông Quang Vũ,20,Nam,jane97@example.com,"71 John Đường, JaneXã, 189145"
186,Quý ông Vũ Đặng,68,Nam,fdang@example.net,"3 John Khu, JohnThị xã, 452877"
187,Quý cô Hương Dương,50,Nữ,john02@example.net,"65 Hoàng Số, JanePhường, 123400"
188,Chị Nhật Vũ,68,Nam,john73@example.net,"25 John Khu, Thị xã JohnPhường, 518076"
189,Châu Lê,79,Nam,hoangjohn@example.net,"Quận JaneThành phố, 73 Mai Ngõ, 300507"
190,Chị Chi Mai,21,Nam,knguyen@example.org,"230 John Đường, JanePhường, 359079"
191,Khoa Đặng,22,Nữ,johnvu@example.org,"960 Jane Đường, Thành phố JanePhường, 861833"
192,Nhật Trần,65,Nam,john37@example.net,"89 John Hẻm, Quận JaneThị xã, 141242"
193,Nhật Bảo Mai,49,Nam,johnvu@example.org,"Quận JohnThị xã, 208 Nguyễn Đường, 952952"
194,Cô Hạnh Trần,58,Nữ,jane27@example.com,"97 Jane Tổ, Thị xã JohnQuận, 694423"
195,Phương Hoàng,61,Nam,jane68@example.com,"82 Jane Hẻm, Huyện JaneHuyện, 103936"
196,Hương Trần,62,Nam,phamjane@example.net,"958 Jane Hẻm, Thành phố JaneHuyện, 962274"
197,Anh Nam Nguyễn,70,Nữ,john90@example.com,"57 John Ngõ, Thị xã JohnPhường, 441661"
198,Tú Phạm,21,Nam,john90@example.org,"7 Trần Ngõ, JohnThị xã, 357026"
199,Phúc Xuân Phạm,38,Nữ,dangjohn@example.com,"73 John Làng, Quận JaneThành phố, 378106"
200,Cô Lâm Trần,72,Nữ,hoangjane@example.org,"23 John Ngõ, Huyện JaneQuận, 174268"
201,Anh Châu Lê,57,Nam,cmai@example.org,"533 Jane Số, JohnThị xã, 704572"
202,Hạnh Lê,34,Nữ,john98@example.net,"69 Dương Khu, Thành phố JohnPhường, 745791"
203,Bà Lâm Dương,23,Nam,johnbui@example.org,"7 Trần Hẻm, Thành phố JohnHuyện, 431934"
204,Quý ông Phúc Mai,41,Nam,buijohn@example.com,"54 Jane Làng, Quận JohnQuận, 710023"
205,Cô Yến Mai,22,Nữ,vpham@example.org,"56 Jane Ngõ, JohnHuyện, 307100"
206,Dương Mai,62,Nam,tranjane@example.com,"3 Phạm Hẻm, JaneThị xã, 607945"
207,Anh Huy Đặng,65,Nam,aduong@example.com,"Thị xã JohnXã, 891 Jane Số, 361603"
208,Thảo Phạm,68,Nữ,johnbui@example.org,"88 John Khu, Thành phố JaneThị xã, 129632"
209,Quý ông Thành Phạm,71,Nữ,janele@example.net,"2 John Tổ, JaneHuyện, 897558"
210,Hạnh Hoàng,76,Nam,john58@example.net,"2 Jane Ngõ, Huyện JohnPhường, 901126"
211,Ông Vũ Phạm,79,Nam,john26@example.org,"7 Dương Làng, JohnQuận, 444924"
212,Quý ông Dũng Nguyễn,53,Nam,jane86@example.org,"3 Bùi Tổ, Quận JohnPhường, 923679"
213,Chị Thành Đặng,60,Nữ,jane70@example.com,"23 Phạm Số, Thị xã JohnPhường, 212871"
214,Quý ông Vũ Lê,32,Nam,john90@example.com,"844 John Dãy, JaneHuyện, 615874"
215,An Hữu Đặng,19,Nữ,phamjohn@example.org,"24 Dương Khu, Thành phố JohnQuận, 409585"
216,Bà Kim Hoàng,29,Nữ,john17@example.com,"84 Bùi Ngõ, Thành phố JaneQuận, 979144"
217,Quý ông Hoàng Nguyễn,64,Nữ,john19@example.net,"312 Jane Khu, JohnQuận, 650082"
218,Quý cô Ánh Dương,40,Nữ,xnguyen@example.org,"403 Jane Số, JohnXã, 680227"
219,Quý cô Khoa Mai,62,Nam,john70@example.org,"1 Hoàng Đường, Thị xã JohnThành phố, 758027"
220,Anh Khoa Vũ,70,Nam,johndang@example.net,"Thị xã JohnPhường, 74 Mai Hẻm, 865699"
221,Phương Trần,78,Nam,jane96@example.net,"12 John Dãy, Thành phố JaneThành phố, 120057"
222,Chị Lan Hoàng,47,Nữ,nguyenjane@example.org,"Thành phố JohnPhường, 7 Dương Dãy, 327467"
223,Hồng Đặng,33,Nữ,janedang@example.org,"962 Đặng Khu, JaneThị xã, 989850"
224,Bà Nhật Mai,48,Nữ,jane80@example.com,"685 Jane Ngõ, JaneHuyện, 238762"
225,Quang Phú Hoàng,78,Nữ,johnhoang@example.com,"56 Dương Làng, Quận JaneXã, 461790"
226,Anh Tùng Trần,39,Nam,rbui@example.com,"810 Dương Hẻm, Huyện JohnThành phố, 759482"
227,Anh Hưng Vũ,35,Nữ,jpham@example.net,"045 Jane Khu, JaneHuyện, 166404"
228,Bà Chi Bùi,39,Nam,john11@example.net,"88 Bùi Ngõ, Quận JohnQuận, 943146"
229,Hạnh Thế Hoàng,48,Nam,dle@example.net,"266 Vũ Làng, Huyện JohnQuận, 860306"
230,Trung Đức Lê,29,Nam,hoangjohn@example.com,"17 Đặng Làng, JohnThị xã, 921681"
231,Hoàng Vũ,75,Nữ,duongjohn@example.org,"984 John Tổ, Quận JohnXã, 593893"
232,Ông Bảo Đặng,30,Nam,fduong@example.net,"3 Vũ Đường, JaneThành phố, 276377"
233,Chị Hà Bùi,71,Nữ,john66@example.net,"821 Jane Tổ, JanePhường, 752140"
234,Ông Quang Bùi,51,Nữ,jane37@example.org,"13 Hoàng Dãy, Thành phố JanePhường, 685853"
235,Quang Bảo Bùi,48,Nam,wduong@example.com,"567 Đặng Làng, Thành phố JaneHuyện, 470966"
236,Ông Phúc Lê,23,Nam,john14@example.net,"465 Jane Số, JaneThành phố, 968481"
237,Chị Hạnh Nguyễn,69,Nữ,johnle@example.org,"759 Jane Hẻm, Huyện JaneXã, 373273"
238,Cô Kim Đặng,18,Nữ,dangjohn@example.net,"825 Dương Ngõ, Thành phố JaneThành phố, 807516"
239,Ông Anh Vũ,23,Nam,stran@example.org,"4 Hoàng Ngõ, Huyện JohnHuyện, 108020"
240,Yến Lê,32,Nam,rmai@example.com,"46 Trần Đường, Quận JohnXã, 933166"
241,Hà Hữu Hoàng,64,Nữ,gvu@example.org,"462 Hoàng Dãy, JaneHuyện, 174596"
242,Hoàng Xuân Trần,73,Nam,hoangjane@example.com,"1 Nguyễn Số, JaneXã, 871791"
243,Nhật Mai Bảo Phạm,24,Nữ,john33@example.com,"822 Jane Tổ, JohnXã, 781650"
244,Hưng Đức Lê,37,Nam,uhoang@example.com,"00 Vũ Tổ, JohnPhường, 381950"
245,Chị Kim Vũ,19,Nam,janehoang@example.com,"8 Jane Dãy, Thành phố JohnThành phố, 681709"
246,Bà Lan Trần,75,Nam,johnvu@example.com,"57 Hoàng Làng, JaneThành phố, 241466"
247,Yến Vũ,28,Nữ,janepham@example.net,"94 Jane Làng, Quận JaneQuận, 160956"
248,Cô Dương Bùi,72,Nam,janebui@example.org,"158 Jane Hẻm, JaneThị xã, 849904"
249,Bà Thành Bùi,58,Nữ,johnpham@example.com,"228 John Làng, JohnPhường, 457651"
250,Bà Nhật Đặng,70,Nam,john68@example.net,"695 Trần Đường, JohnHuyện, 830589"
251,Cô Chi Đặng,25,Nữ,vujane@example.net,"028 John Dãy, Thị xã JaneHuyện, 119931"
252,Dương Đặng,37,Nam,npham@example.com,"9 John Tổ, JohnQuận, 511803"
253,Cô Ngọc Phạm,21,Nữ,johnnguyen@example.com,"261 John Số, Huyện JaneThành phố, 249906"
254,Cô Phương Hoàng,35,Nữ,lejohn@example.com,"8 Jane Ngõ, Quận JanePhường, 144504"
255,Dũng Hải Mai,67,Nam,maijohn@example.org,"964 Jane Đường, JaneThành phố, 232888"
256,Ngọc Phạm,36,Nữ,phamjane@example.com,"413 Jane Dãy, Huyện JaneThành phố, 598902"
257,Hưng Mai,61,Nam,hoangjane@example.com,"9 Phạm Khu, JohnThành phố, 315196"
258,Nhiên Hoàng,37,Nữ,johnle@example.net,"8 Jane Ngõ, JaneThị xã, 651371"
259,Hưng Mai Vũ,60,Nữ,jane66@example.net,"755 Jane Số, Thị xã JaneXã, 353256"
260,Ông Vũ Bùi,31,Nam,john92@example.net,"986 Mai Đường, Huyện JohnHuyện, 955312"
261,Anh Quang Phạm,64,Nam,duongjohn@example.org,"2 Vũ Khu, Huyện JaneQuận, 914207"
262,Quý cô Thành Hoàng,57,Nữ,fbui@example.org,"203 Lê Số, JohnXã, 404795"
263,Minh Phú Bùi,42,Nữ,johnvu@example.org,"533 John Tổ, JaneHuyện, 586501"
264,Minh Trí Đặng,37,Nữ,hoangjane@example.net,"1 Jane Tổ, JaneQuận, 134931"
265,Chị Thảo Vũ,31,Nam,vujohn@example.org,"34 John Số, JohnThị xã, 122913"
266,Bác Dũng Vũ,46,Nam,janepham@example.com,"235 Nguyễn Ngõ, JaneHuyện, 224821"
267,Lâm Văn Đặng,18,Nữ,janemai@example.net,"14 Jane Dãy, JohnPhường, 504072"
268,Cô Kim Trần,20,Nữ,johnhoang@example.net,"0 John Tổ, JohnHuyện, 580054"
269,Chi Trần,19,Nữ,hoangjohn@example.net,"4 Hoàng Hẻm, Quận JaneHuyện, 986736"
270,Yến Phạm,51,Nữ,jane09@example.com,"1 Lê Hẻm, JaneThành phố, 605559"
271,Nam Hải Hoàng,61,Nữ,vujohn@example.org,"2 John Tổ, JohnPhường, 837349"
272,Kim Quang Bùi,39,Nam,pmai@example.net,"4 Đặng Tổ, JanePhường, 802759"
273,Thành Lê,80,Nữ,nduong@example.net,"54 Vũ Dãy, Huyện JanePhường, 763078"
274,Vũ Hoàng Hoàng,34,Nữ,john47@example.org,"65 Jane Đường, JaneThị xã, 962337"
275,Thành Đức Dương,44,Nam,dangjane@example.net,"311 John Khu, Thị xã JohnPhường, 101092"
276,Châu Đặng,18,Nam,ynguyen@example.net,"20 Vũ Tổ, JaneHuyện, 181648"
277,Quý ông Bảo Trần,23,Nam,john69@example.org,"936 John Tổ, Huyện JaneXã, 431414"
278,Bác Tùng Vũ,56,Nam,atran@example.com,"1 John Đường, JaneThị xã, 279417"
279,Bà Vân Trần,64,Nam,john44@example.org,"JaneHuyện, 6 John Làng, 577515"
280,Linh Hoàng,44,Nam,janeduong@example.net,"31 Mai Dãy, Huyện JaneQuận, 468907"
281,Hưng Đức Nguyễn,27,Nam,janeduong@example.com,"14 Vũ Tổ, JaneHuyện, 270696"
282,Anh Nhiên Phạm,36,Nữ,lejohn@example.net,"947 Nguyễn Làng, JohnPhường, 148329"
283,Kim Phạm,55,Nữ,john69@example.com,"95 Lê Đường, JohnHuyện, 922463"
284,Cô Hương Trần,31,Nam,nmai@example.com,"45 John Đường, Huyện JaneThị xã, 435109"
285,Dương Mai,75,Nữ,sbui@example.net,"Huyện JaneThành phố, 96 Jane Số, 706253"
286,Quang Vũ,67,Nam,mduong@example.org,"5 Jane Khu, Quận JaneQuận, 318685"
287,Hoàng Lê,59,Nam,nguyenjohn@example.net,"976 Jane Số, Thành phố JohnThị xã, 736178"
288,Bà Chi Hoàng,52,Nữ,vle@example.net,"8 Đặng Làng, JohnThành phố, 893822"
289,Thành Mai Phạm,20,Nữ,mvu@example.com,"37 Đặng Khu, JaneQuận, 887928"
290,Bà Vân Lê,67,Nam,jane05@example.org,"785 John Dãy, Thị xã JaneThị xã, 148695"
291,Thảo Trần,52,Nam,jane09@example.org,"214 Nguyễn Ngõ, Quận JohnHuyện, 303902"
292,Nhật Quang Bùi,36,Nữ,john91@example.com,"75 John Số, Thị xã JohnThành phố, 819961"
293,Bảo Quang Nguyễn,55,Nữ,johnbui@example.org,"JohnXã, 049 Mai Tổ, 852140"
294,Khoa Đức Trần,30,Nam,jduong@example.org,"5 John Dãy, JohnThị xã, 610506"
295,Tú Phạm,71,Nữ,rduong@example.net,"01 Jane Số, Thành phố JohnThành phố, 805080"
296,Ông Trọng Đặng,30,Nữ,janehoang@example.org,"97 John Tổ, Thành phố JaneHuyện, 609289"
297,Bảo Phú Hoàng,26,Nữ,opham@example.net,"6 Dương Số, Quận JohnThành phố, 592545"
298,Cô Kim Phạm,72,Nữ,johnvu@example.net,"560 Nguyễn Số, JaneThị xã, 166741"
299,Huy Quang Trần,18,Nam,yvu@example.net,"15 Jane Làng, JaneThành phố, 614361"
300,Bảo Lê,50,Nam,buijohn@example.org,"5 John Làng, JanePhường, 436541"
301,Bà Hải Trần,46,Nam,lpham@example.com,"68 Phạm Đường, JaneThị xã, 262192"
302,Thành Mai Bảo Phạm,49,Nữ,janenguyen@example.net,"71 John Khu, Thị xã JaneHuyện, 618213"
303,Nhật Hoàng,19,Nam,gbui@example.org,"14 Lê Tổ, JanePhường, 397914"
304,Hạnh Thế Bùi,60,Nam,lejane@example.com,"507 Jane Hẻm, Thị xã JohnThành phố, 866238"
305,Châu Bảo Bùi,52,Nữ,johnhoang@example.org,"4 Dương Làng, JohnHuyện, 495846"
306,Ngọc Hoàng,66,Nữ,dangjane@example.com,"413 Nguyễn Dãy, JohnXã, 138418"
307,Khoa Đặng,77,Nữ,jane47@example.com,"8 Trần Làng, JaneThị xã, 966893"
308,Quý cô Hồng Trần,40,Nam,fdang@example.org,"9 Mai Làng, JaneXã, 798541"
309,Ông Hưng Phạm,42,Nữ,jduong@example.org,"65 Jane Làng, Thị xã JohnThành phố, 868692"
310,Yến Trần,44,Nam,janedang@example.net,"937 John Hẻm, JohnHuyện, 933009"
311,Bảo Dương,55,Nữ,jtran@example.net,"253 Jane Khu, Huyện JohnHuyện, 855907"
312,Quý cô Ánh Trần,38,Nữ,bhoang@example.org,"3 John Đường, JaneThành phố, 948278"
313,Quý cô Yến Lê,54,Nữ,johnnguyen@example.net,"37 Lê Ngõ, Thị xã JanePhường, 144553"
314,Chi Hoàng,49,Nam,vbui@example.net,"255 Nguyễn Khu, JohnQuận, 676609"
315,Tú Hoàng Bùi,68,Nữ,jane87@example.org,"Thành phố JaneThành phố, 43 Jane Đường, 342810"
316,Anh Châu Hoàng,70,Nam,jane86@example.com,"17 John Hẻm, Thị xã JaneQuận, 861576"
317,Vũ Hải Vũ,74,Nam,lejane@example.net,"0 John Ngõ, Quận JohnQuận, 787589"
318,Anh Trọng Hoàng,62,Nữ,johnnguyen@example.com,"564 Jane Tổ, Thị xã JohnXã, 979683"
319,Huy Phú Phạm,65,Nữ,lejohn@example.org,"635 Phạm Dãy, Quận JaneXã, 918323"
320,Chị Khoa Lê,69,Nam,john97@example.com,"2 John Đường, JaneThành phố, 928423"
321,Hoàng Xuân Nguyễn,62,Nam,nguyenjohn@example.net,"4 John Khu, Thị xã JaneXã, 783222"
322,Hà Mai,68,Nữ,janemai@example.org,"6 Mai Tổ, Quận JaneXã, 496984"
323,Ánh Vũ,35,Nam,johnvu@example.net,"1 Phạm Tổ, JanePhường, 304696"
324,Bảo Bùi,48,Nam,buijohn@example.net,"3 Trần Ngõ, JohnThành phố, 719562"
325,Chị Chi Bùi,38,Nam,buijohn@example.org,"92 Jane Làng, Huyện JaneXã, 740506"
326,Xuân Bùi,21,Nữ,johntran@example.net,"2 Trần Khu, Quận JohnThành phố, 425659"
327,Linh Vũ,53,Nam,jane42@example.net,"99 Đặng Dãy, JohnThị xã, 930387"
328,Bà Hải Bùi,43,Nữ,vujohn@example.org,"7 Jane Khu, Thành phố JohnHuyện, 246580"
329,Nhật Tấn Phạm,23,Nam,ztran@example.net,"590 John Làng, JohnThành phố, 823455"
330,Anh Quang Nguyễn,65,Nữ,john58@example.net,"Quận JohnXã, 73 Vũ Đường, 399270"
331,Cô Nhật Hoàng,28,Nữ,jane39@example.net,"978 John Làng, JohnQuận, 316425"
332,Nhật Mai,65,Nam,hoangjane@example.org,"9 Mai Làng, Thành phố JohnThị xã, 856049"
333,Thành Phú Dương,33,Nữ,vujane@example.org,"1 Lê Số, Huyện JohnThị xã, 515751"
334,Vân Đặng,22,Nữ,jane10@example.org,"3 John Ngõ, Thành phố JaneQuận, 136450"
335,Nhật Trần,61,Nữ,jnguyen@example.net,"514 Vũ Đường, Thị xã JaneQuận, 826888"
336,Ông Nhiên Nguyễn,47,Nữ,mdang@example.net,"Thị xã JaneThành phố, 043 Mai Khu, 622672"
337,Bà Bảo Vũ,48,Nam,dhoang@example.com,"2 Jane Đường, JohnThị xã, 625303"
338,Lâm Hoàng Dương,24,Nam,janenguyen@example.com,"769 Đặng Ngõ, JohnThành phố, 967161"
339,Anh Trung Phạm,72,Nam,janedang@example.org,"339 Jane Hẻm, JaneThị xã, 597760"
340,Chị Phương Phạm,50,Nam,jane06@example.org,"86 Jane Làng, JaneThị xã, 447961"
341,Bà An Hoàng,64,Nữ,janele@example.com,"32 John Số, Quận JanePhường, 190347"
342,Chị Bảo Lê,25,Nam,janenguyen@example.com,"4 John Đường, JaneHuyện, 411518"
343,Bà Nhật Đặng,72,Nam,john35@example.net,"81 Jane Làng, JaneThành phố, 983299"
344,Ông Tùng Lê,61,Nữ,jane12@example.org,"28 Lê Hẻm, JaneHuyện, 943297"
345,Tú Tấn Nguyễn,36,Nữ,janedang@example.com,"659 Đặng Dãy, Thành phố JohnThị xã, 631113"
346,Chị Nhật Nguyễn,23,Nam,tduong@example.net,"4 John Đường, Huyện JaneThị xã, 625337"
347,Nhật Bùi,48,Nữ,janetran@example.net,"69 Jane Đường, JaneThị xã, 559083"
348,Huy Trí Lê,47,Nữ,johndang@example.net,"377 Jane Tổ, JanePhường, 653842"
349,Bác Minh Mai,50,Nữ,maijane@example.org,"01 Jane Ngõ, JaneQuận, 699367"
350,Linh Đặng,45,Nam,janepham@example.net,"15 John Làng, JaneHuyện, 876093"
351,Quang Bảo Mai,78,Nữ,john80@example.com,"079 John Ngõ, Thị xã JaneThị xã, 247318"
352,Trung Hoàng,77,Nữ,john72@example.net,"395 Mai Dãy, JohnThành phố, 963233"
353,Bà Mai Lê,34,Nam,epham@example.com,"8 Dương Hẻm, JohnQuận, 807161"
354,Kim Trần,69,Nữ,duongjane@example.org,"05 John Làng, Thành phố JaneThị xã, 406817"
355,Huy Bùi,51,Nữ,qtran@example.com,"106 Nguyễn Làng, JaneHuyện, 759326"
356,Hoàng Mai Vũ,20,Nam,johnhoang@example.net,"901 Jane Đường, JohnQuận, 547098"
357,Kim Mai,69,Nữ,utran@example.net,"35 Phạm Hẻm, JohnThị xã, 233223"
358,Bác Huy Đặng,58,Nữ,udang@example.org,"Quận JaneThành phố, 959 Nguyễn Khu, 709517"
359,An Văn Phạm,39,Nam,john44@example.com,"0 Vũ Dãy, JohnThành phố, 371211"
360,Anh Bảo Đặng,73,Nam,qnguyen@example.org,"2 Nguyễn Khu, Thị xã JaneXã, 312729"
361,Nhiên Dương,38,Nam,dangjane@example.org,"8 Vũ Hẻm, JohnThành phố, 148751"
362,Chị Phương Trần,78,Nam,janele@example.org,"2 Hoàng Số, Huyện JaneThành phố, 448084"
363,Dũng Nguyễn,70,Nam,jtran@example.org,"362 Jane Khu, Thành phố JanePhường, 773343"
364,Chi Nguyễn,64,Nữ,vujohn@example.com,"48 Jane Khu, JohnPhường, 445431"
365,Ông Phúc Bùi,44,Nữ,janehoang@example.net,"622 John Ngõ, JaneThành phố, 395905"
366,Dũng Trần,26,Nam,john70@example.org,"498 John Dãy, Quận JohnQuận, 994718"
367,Nhật Nguyễn,28,Nam,evu@example.com,"180 John Đường, JaneHuyện, 388478"
368,Hà Hoàng,27,Nam,cmai@example.org,"573 John Khu, JohnQuận, 236107"
369,Anh Phú Vũ,55,Nữ,maijane@example.com,"60 John Hẻm, JaneThành phố, 424271"
370,Hồng Vũ,41,Nam,lhoang@example.org,"9 Hoàng Làng, Thị xã JohnQuận, 319495"
371,Lâm Trần,22,Nam,johnvu@example.org,"962 Dương Làng, JaneQuận, 926072"
372,Anh Nam Lê,53,Nam,jane55@example.net,"717 Nguyễn Dãy, JanePhường, 760837"
373,Tùng Lê,26,Nam,fnguyen@example.net,"972 Mai Tổ, JanePhường, 724546"
374,Cô Chi Phạm,72,Nam,htran@example.net,"77 Jane Đường, JaneThị xã, 520815"
375,Quý cô Vi Nguyễn,26,Nam,fduong@example.net,"2 Vũ Tổ, JohnThị xã, 996428"
376,Linh Mai,57,Nữ,jane44@example.net,"0 Phạm Đường, Quận JohnXã, 119556"
377,Kim Phạm,19,Nữ,janemai@example.org,"901 Vũ Đường, Thị xã JaneThành phố, 513952"
378,Nam Trí Đặng,78,Nữ,qtran@example.net,"302 John Dãy, JaneXã, 897332"
379,Bác Nhiên Trần,65,Nam,johnbui@example.com,"47 Đặng Khu, JohnThành phố, 344934"
380,Hoàng Dương,27,Nam,johnmai@example.net,"635 Lê Ngõ, Thành phố JohnXã, 824672"
381,Ông Dũng Trần,37,Nam,tranjane@example.com,"4 Mai Ngõ, JohnXã, 481650"
382,Cô Phương Bùi,57,Nữ,xtran@example.net,"707 Lê Đường, JohnThị xã, 452846"
383,Ngọc Phạm,31,Nam,jane46@example.org,"76 John Đường, Thành phố JaneHuyện, 288390"
384,Xuân Phạm,47,Nữ,johnvu@example.com,"716 Đặng Ngõ, Quận JohnPhường, 464034"
385,Hưng Lê,53,Nữ,jane85@example.org,"75 Trần Làng, Thị xã JohnThành phố, 768044"
386,Quý cô Duyên Nguyễn,52,Nam,johnmai@example.net,"088 Trần Hẻm, JaneThành phố, 362044"
387,Lâm Tấn Mai,76,Nam,wduong@example.net,"633 John Số, Thành phố JohnQuận, 162478"
388,Khoa Trần,40,Nữ,duongjane@example.com,"6 Đặng Hẻm, Huyện JohnQuận, 857043"
389,Hoàng Phú Phạm,73,Nam,duongjane@example.org,"5 John Số, JaneHuyện, 410261"
390,Thành Bùi,59,Nữ,johntran@example.org,"14 Jane Ngõ, Thị xã JaneThị xã, 366165"
391,Bác Quang Nguyễn,26,Nam,jane26@example.com,"5 Mai Dãy, Quận JohnThị xã, 789221"
392,Ông Trọng Bùi,59,Nam,johnvu@example.com,"00 Jane Hẻm, JaneQuận, 884543"
393,Hà Đặng,50,Nam,anguyen@example.com,"61 Trần Dãy, JohnHuyện, 686103"
394,Quang Mai Lê,71,Nữ,janele@example.net,"58 Lê Ngõ, JohnThị xã, 281947"
395,Vân Bùi,32,Nữ,jane28@example.net,"JaneXã, 05 Bùi Dãy, 812010"
396,Hạnh Hoàng Bùi,55,Nữ,hoangjohn@example.com,"222 Trần Số, JaneHuyện, 562935"
397,Ông Quang Trần,32,Nam,john04@example.net,"114 John Tổ, JanePhường, 218225"
398,Quý cô Phương Lê,42,Nam,janehoang@example.com,"Thành phố JohnHuyện, 712 Jane Dãy, 757644"
399,Huy Hoàng,50,Nữ,tbui@example.org,"2 Nguyễn Khu, Thành phố JohnQuận, 687766"
400,Khoa Phạm,74,Nam,johnvu@example.org,"8 Trần Hẻm, JohnThị xã, 555014"
401,Hà Đặng,55,Nữ,janedang@example.org,"5 Hoàng Đường, Huyện JanePhường, 335075"
402,Minh Phú Nguyễn,75,Nữ,janebui@example.com,"192 Lê Khu, Quận JaneQuận, 913523"
403,Hà Bảo Hoàng,53,Nam,jane75@example.org,"1 Trần Đường, JaneHuyện, 426889"
404,Quý ông Tùng Mai,56,Nữ,jane69@example.net,"768 Vũ Dãy, Thị xã JanePhường, 333273"
405,Châu Trần,19,Nữ,duongjane@example.net,"442 John Ngõ, JanePhường, 382866"
406,Phúc Vũ,74,Nam,zbui@example.org,"15 Trần Làng, JaneXã, 404775"
407,Anh Trung Mai,36,Nữ,dangjohn@example.com,"98 Dương Số, JohnXã, 247655"
408,Quý cô Nhật Bùi,44,Nữ,duongjohn@example.net,"148 John Dãy, JaneThị xã, 608140"
409,Trọng Trí Dương,46,Nữ,john06@example.net,"50 John Khu, JohnHuyện, 127676"
410,Châu Thị Mai,45,Nữ,vujane@example.org,"970 Mai Dãy, Thị xã JohnXã, 511990"
411,Bác Châu Phạm,55,Nam,lejohn@example.net,"2 Jane Tổ, Thị xã JaneXã, 961347"
412,Quý cô Hồng Lê,29,Nữ,johnbui@example.com,"84 Jane Số, JaneThành phố, 495497"
413,Hải Trí Vũ,37,Nữ,john41@example.net,"3 Jane Ngõ, Thị xã JohnThành phố, 565946"
414,Quý cô Hải Mai,48,Nam,xnguyen@example.net,"6 John Đường, Huyện JaneXã, 215605"
415,Vi Nguyễn,41,Nữ,jane77@example.org,"611 John Hẻm, JaneXã, 977226"
416,Hưng Đức Đặng,28,Nam,buijane@example.net,"039 Jane Ngõ, Thành phố JaneXã, 350902"
417,Bà Hải Mai,50,Nam,john62@example.org,"699 John Tổ, Quận JohnQuận, 797740"
418,Khoa Hoàng,60,Nam,johnduong@example.org,"61 John Ngõ, JanePhường, 957822"
419,Hà Dương,24,Nữ,hpham@example.com,"88 Lê Dãy, Thành phố JohnXã, 433874"
420,Lâm Bùi,66,Nữ,johnhoang@example.com,"698 Jane Đường, JohnPhường, 941207"
421,Quý cô Lâm Phạm,63,Nữ,ble@example.org,"493 Mai Đường, JaneXã, 795049"
422,Minh Đức Vũ,62,Nữ,jane63@example.com,"13 Vũ Tổ, JohnThành phố, 696975"
423,Dũng Phạm,78,Nữ,hpham@example.net,"5 Jane Đường, Thị xã JaneThành phố, 576947"
424,Dũng Phú Phạm,51,Nam,wduong@example.com,"JaneThành phố, 597 John Đường, 705088"
425,Cô Ánh Hoàng,58,Nữ,zdang@example.net,"46 Dương Dãy, JohnQuận, 867240"
426,Quý cô Thành Bùi,22,Nam,buijohn@example.com,"397 John Tổ, Huyện JohnThị xã, 927609"
427,Chị Hạnh Nguyễn,55,Nam,johnhoang@example.com,"896 Mai Số, JohnPhường, 129618"
428,Chị Mai Lê,19,Nam,john43@example.com,"69 Jane Làng, JaneThành phố, 228042"
429,Quý ông Quang Vũ,66,Nam,janehoang@example.net,"1 Jane Số, JohnPhường, 235844"
430,Hưng Mai Nguyễn,51,Nữ,tduong@example.com,"533 Nguyễn Tổ, Thành phố JaneHuyện, 680139"
431,Anh Phúc Lê,22,Nữ,duongjane@example.com,"820 Phạm Tổ, JohnXã, 872511"
432,Hạnh Xuân Vũ,56,Nam,hoangjohn@example.org,"14 John Tổ, Quận JohnThành phố, 956608"
433,Cô Nhật Nguyễn,50,Nam,vujane@example.org,"2 Mai Tổ, JaneThành phố, 237675"
434,Anh Vũ,49,Nam,dangjohn@example.com,"5 Mai Tổ, Thị xã JohnXã, 143050"
435,Kim Hữu Hoàng,75,Nam,johntran@example.com,"4 Phạm Số, JohnQuận, 526235"
436,Bác Tùng Đặng,67,Nữ,oduong@example.org,"87 Trần Hẻm, Thị xã JohnHuyện, 927558"
437,Quang Mai Bảo Dương,56,Nữ,jane88@example.org,"76 Jane Khu, Thị xã JohnPhường, 881096"
438,Chị Mai Bùi,67,Nam,jane19@example.com,"299 Jane Làng, JaneThành phố, 825138"
439,Châu Hoàng,70,Nam,buijane@example.net,"94 Jane Tổ, Thành phố JohnQuận, 897948"
440,Thảo Lê,21,Nữ,janenguyen@example.org,"0 Lê Số, JaneXã, 670653"
441,Chị Kim Dương,61,Nam,upham@example.com,"2 Lê Tổ, JohnXã, 783902"
442,Bà An Bùi,39,Nữ,yduong@example.org,"72 Jane Đường, JaneHuyện, 316771"
443,Kim Thị Lê,22,Nam,johnbui@example.net,"8 Jane Ngõ, JaneXã, 417654"
444,Anh Huy Đặng,76,Nữ,ttran@example.net,"8 Jane Làng, Thị xã JaneHuyện, 876565"
445,Cô Hải Hoàng,44,Nam,johnpham@example.com,"623 John Khu, Huyện JanePhường, 207985"
446,Quý cô Phương Lê,23,Nam,lejane@example.net,"40 Trần Đường, Thị xã JohnQuận, 129183"
447,Bảo Hoàng,44,Nam,wle@example.org,"88 Dương Dãy, Huyện JaneQuận, 487075"
448,Hương Mai,60,Nữ,jane50@example.net,"638 John Dãy, Huyện JohnPhường, 830800"
449,Hạnh Văn Nguyễn,51,Nữ,lejohn@example.com,"95 Phạm Dãy, JohnThị xã, 229867"
450,Bảo Tấn Hoàng,50,Nam,hoangjohn@example.com,"9 Mai Ngõ, JaneXã, 319432"
451,Vũ Hải Trần,22,Nữ,jane23@example.net,"9 Vũ Số, Huyện JohnXã, 972141"
452,Bà Dương Đặng,80,Nam,tranjane@example.net,"68 Jane Hẻm, Thị xã JaneThị xã, 175537"
453,Anh Khoa Lê,50,Nam,phamjohn@example.com,"4 Jane Tổ, Huyện JaneThị xã, 939117"
454,Trung Mai Nguyễn,55,Nam,jane59@example.net,"8 Đặng Tổ, Quận JohnXã, 468080"
455,Quang Mai,32,Nữ,john66@example.org,"30 John Tổ, Huyện JaneXã, 713903"
456,Mai Vũ,46,Nam,jane32@example.com,"6 Hoàng Khu, Thành phố JaneThành phố, 733407"
457,Bảo Văn Trần,52,Nữ,johntran@example.org,"282 Jane Đường, Huyện JohnThành phố, 976067"
458,Kim Hoàng,79,Nữ,jane56@example.net,"9 Vũ Ngõ, JohnThị xã, 624453"
459,Huy Đức Dương,76,Nữ,john44@example.com,"17 Jane Ngõ, Quận JanePhường, 614681"
460,Huy Lê,33,Nữ,tranjohn@example.org,"7 Phạm Số, JohnXã, 397554"
461,Quý cô Ánh Trần,50,Nữ,john88@example.org,"1 Vũ Dãy, JaneThị xã, 618791"
462,Bác Anh Đặng,48,Nam,janevu@example.org,"076 Jane Hẻm, Quận JaneQuận, 533985"
463,Trọng Nguyễn,71,Nam,phamjane@example.com,"0 Mai Đường, JaneXã, 710345"
464,Thành Bùi,18,Nữ,dangjane@example.com,"377 Phạm Ngõ, JohnThị xã, 187804"
465,Kim Quang Trần,30,Nam,maijane@example.net,"900 Jane Khu, JanePhường, 977391"
466,Chị Chi Phạm,26,Nam,janedang@example.org,"900 Lê Tổ, JaneQuận, 833408"
467,Huy Vũ,31,Nữ,johnbui@example.com,"205 Đặng Tổ, JaneThành phố, 885306"
468,Vân Phạm,25,Nam,johnhoang@example.net,"3 Trần Tổ, JaneThị xã, 659999"
469,Lan Nguyễn,37,Nữ,johnpham@example.com,"27 Mai Làng, JohnThành phố, 393494"
470,Quý cô Bảo Lê,55,Nữ,janemai@example.org,"82 Vũ Hẻm, Huyện JohnThành phố, 166441"
471,Quý cô Vân Bùi,49,Nam,jane26@example.net,"958 Đặng Số, JaneQuận, 588141"
472,Quý ông Quang Đặng,80,Nam,buijane@example.com,"10 Hoàng Số, JohnThị xã, 579411"
473,Bà Phương Lê,30,Nữ,johnbui@example.net,"34 Jane Số, JohnHuyện, 252407"
474,Cô Chi Lê,62,Nữ,lle@example.com,"11 Jane Ngõ, JohnThành phố, 207046"
475,Bảo Dương,48,Nam,johnmai@example.net,"348 Trần Tổ, JohnThành phố, 798577"
476,Bảo Dương,21,Nữ,johnmai@example.net,"9 Jane Khu, JohnThành phố, 760818"
477,Quý ông Nam Trần,67,Nam,johnbui@example.org,"603 Jane Dãy, Thị xã JanePhường, 854925"
478,Trung Tấn Dương,49,Nam,rnguyen@example.com,"63 Đặng Tổ, Thị xã JanePhường, 911340"
479,Hưng Nguyễn,56,Nam,jane31@example.com,"03 Phạm Hẻm, JanePhường, 803267"
480,An Trần,66,Nam,janetran@example.com,"259 Phạm Số, Thị xã JohnThị xã, 160601"
481,Quý cô Vi Trần,62,Nữ,john82@example.com,"74 John Làng, JohnThành phố, 708646"
482,Khoa Phú Phạm,50,Nữ,zbui@example.com,"6 Jane Số, Thành phố JaneXã, 559776"
483,Ông Quang Đặng,62,Nam,phamjane@example.org,"6 Phạm Dãy, Huyện JohnQuận, 800191"
484,Ông Huy Lê,33,Nữ,johnvu@example.org,"100 Jane Đường, JaneQuận, 699315"
485,Quý cô Lan Vũ,55,Nữ,nguyenjohn@example.com,"30 Mai Đường, JohnXã, 310638"
486,Vũ Phạm,36,Nam,phamjohn@example.net,"Huyện JaneXã, 1 Phạm Tổ, 394178"
487,Trung Đức Vũ,60,Nữ,johnduong@example.org,"690 John Làng, JaneHuyện, 371764"
488,Nhật Xuân Đặng,21,Nữ,buijohn@example.com,"31 Trần Đường, Quận JohnHuyện, 364175"
489,Ngọc Đặng,76,Nam,duongjane@example.org,"40 Nguyễn Số, JanePhường, 163988"
490,Duyên Phạm,78,Nam,duongjohn@example.net,"52 Mai Số, Thành phố JohnXã, 940440"
491,Bảo Bùi,29,Nữ,jane07@example.com,"580 Phạm Tổ, JohnQuận, 557741"
492,Ông Quang Phạm,79,Nữ,dangjohn@example.com,"JohnHuyện, 059 Hoàng Hẻm, 612869"
493,Thành Hữu Mai,46,Nam,tmai@example.org,"942 Lê Hẻm, Thị xã JaneThành phố, 472875"
494,Cô Nhật Đặng,72,Nam,lejohn@example.org,"30 Jane Dãy, Thị xã JaneThị xã, 353031"
495,Bảo Thế Phạm,76,Nam,qbui@example.com,"877 Lê Khu, Thành phố JaneThị xã, 801861"
496,Bảo Vũ,52,Nữ,rpham@example.net,"6 Jane Ngõ, JohnPhường, 450959"
497,Cô Kim Lê,72,Nữ,john76@example.net,"3 Bùi Hẻm, JohnQuận, 440851"
498,Nhật Đặng,25,Nữ,gduong@example.net,"45 John Tổ, JanePhường, 569805"
499,Kim Mai Đặng,41,Nữ,janele@example.com,"578 Jane Dãy, JohnHuyện, 614845"
500,Bảo Mai,33,Nữ,jane65@example.com,"401 Jane Dãy, Quận JohnXã, 873216"
501,Hà Xuân Hoàng,47,Nam,johnnguyen@example.com,"48 Jane Khu, Quận JohnHuyện, 666185"
502,Khoa Vũ,64,Nam,lejohn@example.net,"JohnXã, 9 Bùi Dãy, 910139"
503,Kim Vũ,35,Nữ,hoangjane@example.com,"8 Lê Hẻm, JaneXã, 635373"
504,Trung Hải Phạm,25,Nam,john90@example.com,"662 John Đường, JaneHuyện, 280055"
505,Hưng Hữu Phạm,72,Nam,john91@example.org,"74 Jane Hẻm, Quận JaneThị xã, 786563"
506,Quý ông Minh Lê,39,Nam,bmai@example.net,"78 John Làng, Thị xã JohnQuận, 843494"
507,Lan Bùi,31,Nữ,john69@example.org,"4 Jane Làng, JaneXã, 739829"
508,Bà An Dương,52,Nam,janevu@example.org,"175 Vũ Đường, Huyện JaneThành phố, 752537"
509,Nhật Hoàng Trần,38,Nam,duongjane@example.org,"136 Jane Hẻm, JohnHuyện, 265523"
510,Hạnh Bảo Mai,73,Nữ,mbui@example.org,"77 Dương Số, Quận JohnThị xã, 371481"
511,Quý cô Hải Bùi,80,Nam,buijohn@example.com,"3 John Đường, Quận JaneThành phố, 601605"
512,Cô Mai Lê,19,Nữ,john70@example.org,"0 Đặng Số, JaneThị xã, 911570"
513,Khoa Phạm,63,Nam,vtran@example.org,"244 John Ngõ, Quận JaneXã, 911385"
514,Dũng Mai Bảo Nguyễn,65,Nữ,gmai@example.net,"765 Vũ Đường, JanePhường, 107173"
515,Quý ông Bảo Đặng,41,Nữ,ale@example.net,"2 John Làng, JohnThành phố, 627154"
516,Bà Phương Vũ,38,Nam,buijane@example.net,"424 Hoàng Số, JaneThị xã, 227299"
517,Bà Phương Trần,79,Nam,tbui@example.org,"723 Jane Số, Huyện JohnHuyện, 211932"
518,Minh Đức Trần,69,Nam,xtran@example.net,"104 Lê Khu, Thành phố JohnXã, 512080"
519,Phúc Mai Bảo Vũ,26,Nam,jane99@example.net,"38 Trần Ngõ, JaneThị xã, 466911"
520,Chị Phương Vũ,22,Nam,jane31@example.net,"66 John Hẻm, JohnXã, 223773"
521,Bác Châu Nguyễn,49,Nam,kduong@example.org,"039 Jane Làng, JaneHuyện, 961053"
522,Quý ông Bảo Phạm,55,Nữ,ohoang@example.com,"63 Lê Số, JanePhường, 589762"
523,Ngọc Hoàng,59,Nữ,aduong@example.org,"77 Vũ Làng, Thành phố JaneThành phố, 558127"
524,Vân Trần,35,Nam,buijohn@example.net,"62 Mai Hẻm, Quận JohnThành phố, 949606"
525,Hương Phạm,26,Nam,omai@example.net,"649 Lê Số, Thị xã JaneHuyện, 187745"
526,Nhật Thị Vũ,33,Nam,john16@example.net,"9 Vũ Đường, JohnThị xã, 576951"
527,Dũng Thế Nguyễn,55,Nữ,nguyenjane@example.org,"7 John Ngõ, JaneThành phố, 445782"
528,Chị Khoa Phạm,69,Nam,jane49@example.org,"412 John Khu, JohnThị xã, 225377"
529,Yến Bùi,80,Nữ,janenguyen@example.org,"JanePhường, 021 John Số, 838960"
530,An Nguyễn,47,Nam,john00@example.org,"9 Lê Tổ, Thị xã JohnPhường, 134114"
531,Hồng Nguyễn,28,Nữ,janedang@example.net,"573 Trần Dãy, JohnHuyện, 880406"
532,Minh Bùi,38,Nam,dpham@example.com,"319 John Đường, Huyện JohnPhường, 979469"
533,Bác Hưng Đặng,45,Nữ,janedang@example.org,"63 Hoàng Tổ, JohnHuyện, 327233"
534,Hưng Thị Bùi,38,Nam,jane91@example.com,"0 Vũ Dãy, JohnThị xã, 439221"
535,Bà Phương Đặng,64,Nữ,janemai@example.net,"33 Phạm Số, JohnHuyện, 426633"
536,Khoa Thế Phạm,18,Nữ,johnle@example.com,"6 John Hẻm, JohnThị xã, 691854"
537,Nhật Mai,41,Nữ,lbui@example.com,"14 Dương Đường, Quận JaneHuyện, 280828"
538,Xuân Nguyễn,36,Nữ,dangjane@example.com,"011 Đặng Ngõ, JohnThị xã, 561020"
539,Lan Nguyễn,42,Nữ,duongjohn@example.net,"8 Jane Hẻm, Thị xã JohnThành phố, 533849"
540,Hà Đặng,54,Nam,vhoang@example.org,"8 John Hẻm, JohnThành phố, 727165"
541,Quý cô Phương Vũ,53,Nữ,john90@example.org,"1 Dương Khu, JaneThị xã, 263043"
542,Trung Đặng,41,Nam,vnguyen@example.com,"62 Đặng Ngõ, Quận JohnThành phố, 529062"
543,Quý cô Lâm Nguyễn,39,Nữ,jmai@example.com,"JohnHuyện, 2 Bùi Đường, 650012"
544,Hạnh Hoàng Lê,43,Nam,maijane@example.net,"19 Vũ Ngõ, Huyện JaneHuyện, 176347"
545,Tú Xuân Lê,63,Nữ,jane92@example.org,"2 Đặng Khu, Quận JohnHuyện, 980210"
546,Thảo Vũ,18,Nam,maijohn@example.org,"48 John Làng, Thành phố JaneXã, 189441"
547,Lâm Quang Đặng,35,Nữ,john50@example.com,"487 Jane Đường, JanePhường, 965310"
548,Hạnh Bùi,23,Nam,qpham@example.com,"5 Jane Làng, JohnHuyện, 487398"
549,Nhật Hoàng,54,Nữ,phamjane@example.com,"28 John Số, JaneThị xã, 669554"
550,An Phạm,36,Nữ,hoangjohn@example.net,"21 John Số, Quận JohnQuận, 662020"
551,Bà Nhật Bùi,65,Nữ,john50@example.net,"27 Dương Tổ, JanePhường, 981946"
552,Quý cô Thảo Dương,62,Nam,vujane@example.org,"6 Jane Hẻm, Huyện JohnThành phố, 908974"
553,Anh Châu Lê,22,Nam,johntran@example.com,"7 John Dãy, JaneQuận, 383213"
554,Chị Phương Đặng,21,Nam,jbui@example.net,"037 Mai Hẻm, JaneQuận, 242396"
555,Tùng Đức Hoàng,66,Nam,tranjane@example.com,"7 Vũ Tổ, Thành phố JohnThị xã, 865100"
556,Cô Xuân Đặng,77,Nữ,johnle@example.com,"83 John Làng, JohnHuyện, 762298"
557,Kim Vũ,26,Nữ,johnle@example.net,"03 Dương Hẻm, JohnThành phố, 831888"
558,Bảo Đặng,71,Nam,jane59@example.net,"943 Dương Số, Quận JohnThị xã, 276369"
559,Yến Nguyễn,78,Nam,buijohn@example.net,"6 John Khu, Thành phố JohnThị xã, 616794"
560,Chị Lan Trần,46,Nữ,ovu@example.com,"44 Lê Khu, Quận JaneThành phố, 875163"
561,Dũng Trần,79,Nam,ynguyen@example.org,"4 Trần Khu, Thành phố JaneXã, 801089"
562,Thành Vũ,78,Nữ,john06@example.com,"81 John Tổ, JohnXã, 155830"
563,Lâm Mai,49,Nữ,dangjane@example.net,"59 John Hẻm, Thị xã JaneQuận, 947343"
564,Quang Hữu Nguyễn,43,Nam,tranjane@example.org,"04 Nguyễn Khu, Huyện JohnXã, 493345"
565,Trung Mai,68,Nam,dangjohn@example.org,"13 Nguyễn Ngõ, Quận JaneThành phố, 273396"
566,Bà Hà Phạm,53,Nam,john13@example.net,"53 Jane Ngõ, JohnPhường, 237121"
567,An Quang Trần,24,Nữ,jnguyen@example.org,"804 Nguyễn Khu, Quận JohnThành phố, 424211"
568,Khoa Vũ,20,Nữ,jane49@example.org,"579 Jane Dãy, Huyện JaneThị xã, 993716"
569,Quý cô Hạnh Bùi,18,Nam,john22@example.net,"Thị xã JohnHuyện, 88 Nguyễn Đường, 309214"
570,Anh Quang Vũ,79,Nam,johnle@example.com,"54 Jane Ngõ, Thị xã JaneQuận, 903568"
571,Yến Vũ,26,Nam,johnduong@example.com,"498 Jane Hẻm, Thị xã JohnThành phố, 719254"
572,Thành Trần,70,Nam,buijohn@example.com,"8 Bùi Khu, JaneThành phố, 276624"
573,Cô Lâm Đặng,67,Nữ,johnpham@example.net,"756 Trần Ngõ, JohnThành phố, 295669"
574,Phúc Mai,55,Nam,xpham@example.com,"03 Lê Khu, JohnXã, 867981"
575,Minh Bùi,24,Nam,johnmai@example.net,"357 John Làng, JohnXã, 747457"
576,Bác Trọng Nguyễn,79,Nữ,dangjohn@example.org,"650 Jane Đường, JohnThị xã, 616386"
577,Ngọc Đặng,73,Nam,tduong@example.net,"JaneHuyện, 08 Hoàng Hẻm, 156862"
578,Chi Đặng,24,Nữ,ibui@example.com,"4 Jane Ngõ, JaneThành phố, 490970"
579,Anh Tấn Trần,36,Nữ,ltran@example.net,"090 Bùi Số, JaneXã, 640804"
580,Tú Nguyễn,58,Nữ,lejohn@example.org,"5 Trần Khu, Thị xã JaneHuyện, 351165"
581,Tú Hoàng,64,Nữ,duongjane@example.org,"28 Jane Khu, Huyện JaneXã, 789542"
582,Kim Đức Phạm,69,Nam,john04@example.com,"0 John Khu, JaneQuận, 331248"
583,Dương Dương,75,Nữ,janemai@example.com,"02 Lê Đường, Thị xã JohnXã, 937222"
584,Bà Duyên Bùi,69,Nam,jane93@example.com,"6 John Đường, JohnThị xã, 734782"
585,Bà Phương Trần,38,Nữ,janedang@example.org,"38 Lê Làng, JaneXã, 125855"
586,Anh Hoàng,22,Nữ,jane89@example.com,"4 Trần Khu, JaneThành phố, 106674"
587,Phương Thị Đặng,39,Nữ,janedang@example.net,"29 Bùi Đường, Thị xã JohnThị xã, 167760"
588,Nam Văn Mai,54,Nữ,hnguyen@example.org,"6 Jane Làng, JaneQuận, 327575"
589,Chị Thành Đặng,20,Nam,dangjohn@example.net,"58 Đặng Dãy, Thị xã JohnThị xã, 831322"
590,Chị Linh Mai,57,Nam,johnle@example.net,"8 John Khu, Quận JohnHuyện, 734895"
591,Khoa Dương,57,Nam,rmai@example.net,"2 Jane Dãy, JaneQuận, 972866"
592,Vân Lê,53,Nam,johndang@example.net,"15 John Làng, Huyện JohnXã, 508499"
593,Nhật Lê,55,Nam,janenguyen@example.org,"2 John Khu, JohnXã, 863641"
594,Kim Bảo Lê,63,Nam,lhoang@example.net,"1 Jane Khu, JaneXã, 967850"
595,Vân Lê,75,Nam,tpham@example.org,"5 Jane Ngõ, JaneThị xã, 728733"
596,Hải Văn Hoàng,28,Nam,ltran@example.org,"413 John Đường, JohnThị xã, 275984"
597,Nhiên Xuân Đặng,66,Nam,john60@example.net,"762 Jane Đường, Quận JohnXã, 234994"
598,Anh Hưng Trần,57,Nam,maijohn@example.com,"92 Đặng Số, Thành phố JaneThị xã, 213997"
599,Huy Hoàng,79,Nam,buijohn@example.net,"875 Jane Làng, JaneHuyện, 956830"
600,Nam Vũ,54,Nam,janemai@example.net,"9 Dương Dãy, Huyện JaneThành phố, 892900"
601,Ngọc Đặng,32,Nam,janehoang@example.net,"4 Bùi Làng, JohnXã, 940299"
602,Chị Linh Phạm,36,Nam,duongjane@example.org,"7 Jane Hẻm, JanePhường, 215810"
603,Bảo Thế Đặng,23,Nữ,john59@example.net,"7 Jane Ngõ, JaneThành phố, 980909"
604,Bà Hương Vũ,53,Nam,tranjohn@example.com,"90 Jane Đường, Quận JohnPhường, 174773"
605,Thành Dương,55,Nam,janemai@example.com,"3 Trần Khu, Quận JaneThành phố, 819732"
606,Phương Dương,37,Nữ,qmai@example.net,"247 Dương Tổ, Huyện JaneQuận, 372402"
607,Hải Bảo Nguyễn,38,Nam,jane42@example.org,"966 John Số, Thành phố JohnHuyện, 734832"
608,Bà Hương Phạm,67,Nữ,john44@example.net,"70 Jane Số, JohnQuận, 677450"
609,Quý ông Dũng Dương,57,Nữ,duongjohn@example.com,"62 John Số, JaneThị xã, 421098"
610,Nhật Hải Đặng,72,Nữ,johnpham@example.com,"34 Bùi Làng, Thị xã JohnXã, 438535"
611,Anh Dũng Lê,39,Nam,janehoang@example.com,"0 Jane Tổ, Thành phố JaneXã, 442654"
612,Cô Bảo Phạm,59,Nam,hoangjohn@example.net,"83 Jane Dãy, Huyện JaneThị xã, 732300"
613,Hải Đức Phạm,54,Nữ,phamjohn@example.net,"51 John Khu, JaneQuận, 113973"
614,Anh Xuân Bùi,78,Nam,jane91@example.org,"67 John Ngõ, Huyện JohnThành phố, 195003"
615,Hà Hải Mai,23,Nữ,johndang@example.org,"17 John Số, Thành phố JohnThành phố, 912426"
616,Bà Khoa Bùi,34,Nữ,janele@example.org,"722 Phạm Hẻm, Huyện JohnQuận, 211354"
617,Xuân Lê,80,Nữ,johnmai@example.com,"6 Hoàng Làng, JohnPhường, 125254"
618,Dương Dương,18,Nam,john92@example.com,"617 Trần Số, JaneQuận, 752982"
619,Bà Ngọc Trần,77,Nữ,zvu@example.net,"43 Jane Ngõ, JohnQuận, 663413"
620,Quý cô Hương Đặng,23,Nam,lejane@example.org,"523 Jane Làng, Quận JohnHuyện, 717049"
621,Hoàng Đặng,58,Nữ,gbui@example.net,"3 John Khu, JohnHuyện, 150505"
622,Chị Thành Mai,66,Nam,janemai@example.org,"689 Vũ Số, Thành phố JaneThành phố, 405733"
623,Bà Ánh Mai,34,Nữ,vujane@example.net,"969 Vũ Tổ, JohnXã, 683499"
624,Mai Mai,22,Nam,janeduong@example.org,"88 Bùi Đường, Thị xã JaneQuận, 575014"
625,Hạnh Xuân Trần,30,Nữ,maijohn@example.org,"572 Jane Tổ, JaneQuận, 935961"
626,Bà An Bùi,26,Nữ,john50@example.com,"JaneThị xã, 610 Phạm Tổ, 738940"
627,Quý cô Phương Đặng,70,Nữ,fdang@example.net,"747 Dương Đường, Thành phố JaneHuyện, 465391"
628,Quang Nguyễn,58,Nam,janevu@example.org,"8 Jane Số, JaneThành phố, 107044"
629,Bà Duyên Lê,69,Nam,jane00@example.net,"011 Lê Số, JohnPhường, 472352"
630,Trung Quang Lê,19,Nam,janevu@example.net,"4 John Dãy, Thị xã JaneThành phố, 798018"
631,Cô Dương Hoàng,42,Nam,janehoang@example.com,"902 Mai Khu, Thị xã JaneThành phố, 550513"
632,Kim Mai,26,Nam,uduong@example.org,"1 Jane Dãy, JohnHuyện, 484460"
633,Anh Phạm,59,Nữ,vujohn@example.net,"2 Bùi Hẻm, JanePhường, 781779"
634,Khoa Mai Bảo Nguyễn,54,Nữ,ipham@example.net,"0 Nguyễn Dãy, JaneThị xã, 634762"
635,Cô Nhật Vũ,79,Nữ,janedang@example.org,"157 Phạm Ngõ, JohnQuận, 237084"
636,Trọng Nguyễn,54,Nam,john90@example.com,"4 Vũ Số, JohnThành phố, 399215"
637,Bác Tú Phạm,42,Nam,janedang@example.com,"8 Jane Đường, JohnThành phố, 311709"
638,Trung Phạm,53,Nữ,duongjane@example.com,"11 Dương Hẻm, Thị xã JaneHuyện, 492320"
639,Cô Vi Lê,61,Nam,kvu@example.net,"3 Phạm Ngõ, JanePhường, 696890"
640,Lâm Xuân Nguyễn,20,Nam,janedang@example.net,"346 John Hẻm, Quận JaneThành phố, 579112"
641,Hoàng Mai,34,Nam,bpham@example.org,"3 John Ngõ, JaneQuận, 575887"
642,Chị Mai Vũ,72,Nam,jane78@example.net,"955 Đặng Dãy, Quận JaneQuận, 152336"
643,Hà Hoàng,41,Nữ,jane90@example.com,"528 John Khu, JohnQuận, 600869"
644,Anh Dũng Nguyễn,74,Nam,johnbui@example.com,"86 Jane Số, JohnThành phố, 366670"
645,Phúc Thế Vũ,45,Nam,jane82@example.net,"3 Mai Dãy, Thành phố JaneXã, 839876"
646,Nhật Phạm,37,Nữ,xmai@example.org,"49 John Dãy, JaneThị xã, 246339"
647,Vi Nguyễn,40,Nữ,john66@example.com,"99 Nguyễn Hẻm, JanePhường, 323802"
648,Cô Hồng Nguyễn,75,Nam,ybui@example.org,"872 John Số, JaneHuyện, 130972"
649,Thành Bùi,57,Nam,duongjane@example.net,"9 Mai Dãy, JaneHuyện, 342609"
650,Cô Bảo Mai,36,Nữ,jbui@example.net,"04 Đặng Đường, Thành phố JaneQuận, 992826"
651,Nhật Lê,33,Nam,janepham@example.org,"JanePhường, 227 Trần Số, 532402"
652,Hà Lê,67,Nữ,dangjane@example.net,"004 Lê Làng, Quận JaneXã, 104522"
653,Thành Phú Trần,54,Nữ,nguyenjane@example.com,"31 Đặng Số, JohnXã, 883600"
654,Chị Hà Đặng,18,Nam,jane97@example.org,"6 John Làng, JohnXã, 644735"
655,Chị Linh Hoàng,68,Nam,jane82@example.com,"2 Jane Đường, JohnPhường, 635799"
656,Hà Trần,30,Nam,janevu@example.org,"0 John Dãy, JohnPhường, 740800"
657,Quý cô An Lê,69,Nữ,fpham@example.com,"35 John Đường, Thị xã JohnHuyện, 392244"
658,Vi Trần,50,Nam,obui@example.net,"58 John Hẻm, JaneQuận, 528246"
659,Anh Anh Dương,47,Nam,duongjane@example.org,"25 Jane Khu, JaneQuận, 193167"
660,Hà Phú Lê,23,Nữ,phamjohn@example.net,"91 Jane Ngõ, Thị xã JohnThị xã, 513395"
661,An Lê,73,Nam,snguyen@example.com,"6 John Dãy, JohnPhường, 870926"
662,Dũng Nguyễn,79,Nữ,gmai@example.com,"76 John Làng, JohnThành phố, 855753"
663,Hoàng Đặng,47,Nữ,johntran@example.com,"2 John Khu, JaneXã, 340277"
664,Bà Phương Trần,62,Nam,xmai@example.com,"26 Jane Ngõ, JaneQuận, 637055"
665,Bà Hương Mai,40,Nữ,john33@example.org,"0 Jane Làng, Thành phố JohnHuyện, 132436"
666,Bác Hưng Bùi,22,Nam,jane71@example.com,"55 Hoàng Số, JaneHuyện, 250004"
667,Cô Vi Vũ,34,Nam,jane92@example.net,"40 Dương Hẻm, JaneXã, 495393"
668,Nhật Văn Hoàng,33,Nam,johnmai@example.org,"2 John Hẻm, Thị xã JohnHuyện, 593718"
669,Bảo Hoàng Trần,70,Nam,nduong@example.org,"8 Jane Làng, JohnThành phố, 572926"
670,Vi Lê,43,Nam,gpham@example.org,"494 John Dãy, JohnThành phố, 630087"
671,Quý cô Dương Dương,27,Nam,janedang@example.com,"221 Phạm Số, JaneHuyện, 543076"
672,Lan Lê,42,Nữ,hoangjane@example.net,"78 Jane Ngõ, JaneThị xã, 493893"
673,Xuân Lê,51,Nam,buijane@example.net,"9 Jane Dãy, JaneQuận, 142445"
674,Cô Kim Hoàng,72,Nữ,hvu@example.org,"43 Trần Tổ, Thị xã JaneThị xã, 765814"
675,Cô Dương Bùi,52,Nữ,john84@example.net,"48 Phạm Khu, Thành phố JaneThị xã, 772702"
676,Quý cô Thành Phạm,58,Nữ,tranjohn@example.org,"Huyện JohnPhường, 69 Jane Đường, 805792"
677,Vũ Dương,35,Nam,dangjane@example.org,"4 Jane Tổ, JaneThị xã, 880698"
678,Cô Xuân Lê,62,Nam,hbui@example.com,"417 John Hẻm, JaneThành phố, 946844"
679,Quý cô Ánh Hoàng,39,Nam,johnle@example.net,"286 Phạm Làng, Huyện JohnThành phố, 361700"
680,Mai Đặng,42,Nam,john04@example.net,"132 Jane Dãy, Quận JaneThị xã, 925765"
681,Hạnh Trần,80,Nam,vujohn@example.org,"9 Đặng Tổ, JaneHuyện, 324033"
682,Trung Dương,62,Nam,udang@example.com,"02 Trần Dãy, JaneThành phố, 974688"
683,Duyên Mai,56,Nam,dhoang@example.org,"89 Nguyễn Tổ, Quận JanePhường, 997735"
684,Nhật Nguyễn,33,Nữ,jane12@example.com,"726 Jane Tổ, JaneXã, 160268"
685,Nhật Hải Trần,72,Nam,lejane@example.com,"40 Nguyễn Khu, Thành phố JohnHuyện, 298696"
686,Anh Tú Đặng,53,Nữ,janenguyen@example.net,"46 Jane Tổ, Thị xã JohnQuận, 926574"
687,Bảo Phạm,52,Nam,john16@example.net,"Thị xã JohnPhường, 5 Lê Ngõ, 484022"
688,Trung Bảo Hoàng,20,Nam,jane12@example.net,"144 Hoàng Khu, JanePhường, 643039"
689,Bà Chi Vũ,71,Nữ,janetran@example.org,"317 Mai Ngõ, Thành phố JohnThị xã, 307098"
690,Tú Trần,71,Nữ,vujane@example.com,"09 John Ngõ, Huyện JohnThị xã, 213741"
691,Cô Mai Trần,37,Nam,johnnguyen@example.org,"077 Phạm Khu, Thành phố JohnPhường, 248951"
692,Xuân Mai,27,Nữ,qhoang@example.net,"1 Jane Dãy, JohnHuyện, 626503"
693,Minh Bùi,52,Nam,johnpham@example.net,"JaneThành phố, 2 John Số, 363536"
694,Quý cô Phương Hoàng,30,Nam,gbui@example.com,"562 Bùi Dãy, Thành phố JaneHuyện, 435760"
695,Yến Trần,69,Nữ,jane18@example.org,"9 Hoàng Hẻm, JohnHuyện, 415952"
696,Quý cô Nhật Phạm,28,Nữ,spham@example.com,"676 Vũ Khu, Thị xã JaneThị xã, 206170"
697,Khoa Tấn Dương,48,Nam,lejane@example.com,"5 John Khu, JaneThị xã, 707099"
698,Quý cô Yến Dương,24,Nữ,vbui@example.net,"56 John Hẻm, JaneThị xã, 942849"
699,Quý cô Nhật Lê,60,Nữ,jhoang@example.net,"23 Dương Làng, JaneThị xã, 546819"
700,Vân Nguyễn,26,Nữ,john95@example.com,"571 John Đường, JohnThành phố, 943158"
701,Nhiên Phạm,25,Nam,janenguyen@example.net,"371 Trần Đường, Huyện JaneThị xã, 480969"
702,Hạnh Hoàng,31,Nam,lejohn@example.com,"344 Hoàng Số, JohnThành phố, 312478"
703,Hà Trí Vũ,26,Nam,john11@example.com,"3 Mai Ngõ, JaneXã, 230825"
704,Quang Bảo Bùi,25,Nam,john49@example.net,"0 John Ngõ, JaneThành phố, 736506"
705,Huy Phú Phạm,51,Nam,fmai@example.net,"970 John Dãy, Thành phố JaneXã, 432879"
706,Duyên Hoàng,50,Nữ,johnvu@example.org,"Huyện JohnThị xã, 1 Dương Khu, 930805"
707,Quý cô Hồng Phạm,36,Nữ,dangjane@example.org,"774 Mai Dãy, JohnThành phố, 529452"
708,Trung Bảo Trần,28,Nữ,fhoang@example.com,"1 Lê Dãy, JaneHuyện, 707112"
709,Bà Nhật Phạm,50,Nữ,nguyenjohn@example.com,"789 Vũ Khu, Huyện JohnHuyện, 138441"
710,An Lê,46,Nam,johnmai@example.net,"22 Phạm Hẻm, JohnPhường, 104712"
711,Cô Linh Nguyễn,68,Nữ,nguyenjane@example.com,"25 Dương Hẻm, Thành phố JaneThị xã, 333763"
712,Quang Bảo Đặng,61,Nam,janenguyen@example.net,"9 John Khu, JaneXã, 818928"
713,Trung Đặng,50,Nam,pduong@example.com,"068 Trần Đường, JanePhường, 179294"
714,Hưng Mai Nguyễn,41,Nam,buijohn@example.com,"78 John Hẻm, JanePhường, 829304"
715,Duyên Trần,58,Nam,jane34@example.net,"8 Phạm Số, Quận JohnThị xã, 752545"
716,Dũng Dương,49,Nữ,buijohn@example.com,"7 Nguyễn Hẻm, JaneHuyện, 955951"
717,Cô Nhật Hoàng,59,Nữ,vle@example.net,"90 Bùi Hẻm, JanePhường, 111297"
718,Lan Phạm,18,Nam,mle@example.net,"344 Vũ Khu, JohnThành phố, 676882"
719,Vi Phạm,69,Nam,john50@example.net,"12 Bùi Hẻm, JaneXã, 672131"
720,Chị Hà Trần,42,Nữ,jane57@example.org,"159 Mai Hẻm, Quận JohnHuyện, 610817"
721,Tùng Dương,80,Nam,lpham@example.com,"23 John Đường, JanePhường, 222788"
722,Minh Trí Trần,26,Nữ,phamjane@example.com,"53 Jane Đường, JohnThành phố, 677673"
723,Vi Phạm,75,Nam,johnduong@example.org,"973 Jane Khu, Quận JanePhường, 827643"
724,Khoa Đặng,66,Nam,janele@example.org,"01 Dương Số, JohnQuận, 106586"
725,Duyên Trần,21,Nam,jane88@example.org,"4 Vũ Dãy, Huyện JohnThị xã, 232455"
726,Hạnh Bùi,35,Nam,nguyenjohn@example.net,"90 Lê Tổ, Huyện JohnQuận, 826853"
727,Bà Bảo Dương,79,Nam,jane27@example.org,"78 Lê Số, JohnThị xã, 367269"
728,Hưng Đức Mai,46,Nữ,john07@example.com,"9 Jane Tổ, JaneThị xã, 646348"
729,Cô Lan Hoàng,39,Nam,johnle@example.org,"0 Jane Làng, Thành phố JaneThị xã, 541268"
730,Anh Tú Phạm,46,Nam,iduong@example.org,"75 John Đường, JaneThành phố, 986100"
731,Hương Vũ,50,Nam,lbui@example.net,"53 Vũ Làng, JohnPhường, 245160"
732,Bà Thành Nguyễn,62,Nữ,maijohn@example.com,"1 John Tổ, Thị xã JohnPhường, 113503"
733,Minh Mai,18,Nam,janele@example.org,"9 Jane Dãy, JohnThị xã, 135311"
734,Thành Trần,33,Nam,nguyenjohn@example.net,"301 John Làng, JaneXã, 658274"
735,Huy Mai Vũ,56,Nam,xvu@example.org,"78 Dương Dãy, JaneThành phố, 594672"
736,Quý ông Quang Nguyễn,23,Nam,johnbui@example.net,"9 Lê Đường, JohnHuyện, 798220"
737,Bà Hạnh Đặng,47,Nữ,john05@example.com,"70 Jane Ngõ, JohnPhường, 508037"
738,Chị Lâm Bùi,60,Nam,jane78@example.net,"7 Bùi Làng, JaneHuyện, 605456"
739,Chị Chi Mai,44,Nữ,jane91@example.com,"9 Jane Làng, Quận JaneQuận, 463185"
740,Phúc Mai,38,Nữ,johnduong@example.com,"8 Đặng Làng, JaneHuyện, 749321"
741,Cô Kim Dương,22,Nữ,john68@example.org,"1 Jane Ngõ, JaneThị xã, 777207"
742,Nhiên Thị Lê,45,Nam,johnnguyen@example.com,"52 John Đường, JohnQuận, 447016"
743,Cô An Nguyễn,60,Nam,umai@example.com,"55 Jane Làng, JaneXã, 517214"
744,Quý cô Hải Trần,72,Nam,vujohn@example.org,"366 John Làng, JaneQuận, 249874"
745,Bảo Mai,61,Nữ,dangjohn@example.com,"86 John Đường, JaneThành phố, 413921"
746,Hạnh Hoàng,40,Nữ,nnguyen@example.net,"927 Mai Ngõ, JohnXã, 870949"
747,Bà Nhật Trần,77,Nam,lejohn@example.com,"8 Trần Đường, JohnThị xã, 326448"
748,Khoa Dương,45,Nữ,janedang@example.com,"7 Jane Tổ, JohnHuyện, 481090"
749,Nhiên Bùi,30,Nam,johnbui@example.com,"JaneQuận, 757 Jane Số, 587421"
750,Kim Mai,37,Nữ,johnpham@example.org,"85 Jane Số, Huyện JohnThành phố, 196999"
751,Ông Hưng Đặng,45,Nữ,ple@example.com,"890 Vũ Đường, Huyện JaneHuyện, 906623"
752,Hoàng Bùi,51,Nữ,jane94@example.net,"00 John Hẻm, JanePhường, 862248"
753,Bà Khoa Vũ,18,Nam,rle@example.com,"9 Nguyễn Dãy, JohnXã, 875030"
754,Ánh Nguyễn,33,Nam,john65@example.org,"2 John Khu, JaneThị xã, 236466"
755,Khoa Phạm,43,Nam,zduong@example.org,"339 Nguyễn Ngõ, Thành phố JohnXã, 387807"
756,Quý ông Châu Nguyễn,34,Nữ,johndang@example.com,"85 Hoàng Hẻm, JohnHuyện, 204466"
757,An Lê,56,Nữ,duongjohn@example.net,"444 Jane Làng, Huyện JohnXã, 369539"
758,Ông Bảo Phạm,74,Nữ,jane94@example.org,"30 John Ngõ, JaneThị xã, 749333"
759,Cô An Hoàng,30,Nam,jane09@example.org,"3 Dương Tổ, Quận JohnXã, 820220"
760,Nhiên Quang Lê,37,Nữ,johnmai@example.org,"0 Hoàng Làng, JohnHuyện, 603932"
761,Ngọc Dương,40,Nam,tle@example.com,"48 Bùi Đường, JaneThành phố, 401489"
762,Quý ông Châu Mai,27,Nam,janedang@example.net,"717 John Ngõ, Huyện JaneThành phố, 670850"
763,Bà Phương Bùi,40,Nữ,janepham@example.com,"76 Jane Đường, Huyện JaneHuyện, 377296"
764,Quý cô Hà Đặng,28,Nữ,obui@example.net,"5 Jane Đường, JaneXã, 658687"
765,Lâm Trần,50,Nữ,hoangjohn@example.org,"472 John Ngõ, JohnPhường, 770471"
766,Quý cô Xuân Đặng,41,Nam,john56@example.net,"6 Jane Số, JaneThị xã, 530504"
767,Bác Châu Bùi,42,Nam,janepham@example.net,"50 Hoàng Khu, JohnPhường, 300863"
768,Anh Nhiên Trần,50,Nam,john33@example.com,"41 Jane Hẻm, Quận JaneXã, 968964"
769,Bà Kim Phạm,57,Nữ,jane08@example.com,"708 Phạm Dãy, Huyện JaneHuyện, 775376"
770,Trọng Nguyễn,31,Nữ,cdang@example.org,"4 Jane Đường, Thành phố JohnPhường, 928596"
771,Linh Dương,77,Nam,johnle@example.com,"8 John Làng, JohnThị xã, 864272"
772,Quý ông Châu Đặng,74,Nữ,johndang@example.net,"88 John Đường, Thành phố JohnXã, 920842"
773,Bảo Đặng,21,Nam,tranjane@example.com,"84 John Làng, Huyện JohnXã, 189709"
774,Nhật Lê,52,Nam,jane56@example.net,"31 Mai Hẻm, JohnThị xã, 857178"
775,Cô Hạnh Phạm,46,Nữ,dangjohn@example.org,"1 Jane Khu, JaneQuận, 592474"
776,Ông Trung Đặng,55,Nữ,janepham@example.net,"92 Mai Đường, JohnQuận, 362525"
777,Thành Tấn Dương,77,Nữ,obui@example.org,"78 John Số, JaneThị xã, 897069"
778,Bảo Dương,68,Nam,buijohn@example.net,"76 Dương Làng, Quận JaneXã, 577858"
779,An Mai Vũ,51,Nam,nguyenjane@example.com,"587 Jane Số, Quận JaneXã, 727894"
780,Dũng Xuân Bùi,60,Nữ,jane38@example.org,"29 Nguyễn Đường, Quận JaneQuận, 756128"
781,Chị Phương Trần,44,Nam,hduong@example.com,"5 Jane Đường, JohnThị xã, 213862"
782,Quý ông Trọng Dương,41,Nữ,buijohn@example.net,"84 John Dãy, JohnThị xã, 231119"
783,Quý ông Quang Phạm,65,Nam,vujohn@example.net,"1 John Làng, Thành phố JohnHuyện, 428129"
784,Kim Mai Trần,78,Nữ,buijohn@example.com,"5 Jane Khu, JaneThị xã, 206116"
785,Quang Quang Dương,48,Nam,yle@example.org,"914 Nguyễn Dãy, JohnXã, 680994"
786,Nhật Nguyễn,47,Nam,johnpham@example.net,"020 Jane Làng, JohnHuyện, 295028"
787,Ông Tùng Phạm,34,Nữ,duongjane@example.net,"387 Phạm Tổ, JanePhường, 191575"
788,An Hoàng,72,Nữ,edang@example.org,"780 Jane Đường, JohnPhường, 439886"
789,Anh Đức Đặng,55,Nữ,jane08@example.org,"7 Phạm Đường, Thành phố JaneQuận, 494803"
790,Bảo Bảo Mai,41,Nữ,hoangjohn@example.org,"65 John Hẻm, Quận JaneHuyện, 404743"
791,Khoa Xuân Trần,63,Nữ,ivu@example.org,"72 John Làng, Quận JaneXã, 967752"
792,Ông Tùng Phạm,61,Nam,john76@example.com,"92 Lê Khu, Huyện JohnPhường, 129348"
793,Hồng Dương,72,Nữ,atran@example.net,"32 John Ngõ, JaneThành phố, 253641"
794,Hạnh Mai,73,Nữ,jane31@example.org,"51 John Làng, JaneThị xã, 918166"
795,Thành Phạm,79,Nam,phamjohn@example.net,"68 Jane Làng, JohnQuận, 830342"
796,Yến Trần,68,Nam,jane52@example.org,"62 Hoàng Hẻm, Thị xã JohnHuyện, 405871"
797,Quý ông Vũ Bùi,79,Nữ,janetran@example.org,"5 John Hẻm, Thị xã JaneQuận, 791335"
798,Lâm Phú Hoàng,76,Nam,nguyenjane@example.com,"6 Bùi Đường, JohnHuyện, 902839"
799,Dũng Dương,37,Nam,johnnguyen@example.com,"64 John Dãy, Thị xã JohnThị xã, 783692"
800,Khoa Xuân Trần,51,Nữ,maijane@example.com,"41 Hoàng Số, Huyện JaneXã, 328193"
801,Quý ông Tú Bùi,45,Nam,pbui@example.net,"164 Jane Đường, Quận JohnHuyện, 445309"
802,Bác Anh Phạm,30,Nam,janedang@example.com,"04 Mai Khu, Thị xã JaneThị xã, 318831"
803,Yến Bùi,48,Nữ,janenguyen@example.com,"JaneQuận, 9 John Tổ, 387470"
804,Bà Yến Trần,34,Nữ,john38@example.com,"828 Nguyễn Khu, JohnThị xã, 800696"
805,Anh Nguyễn,31,Nam,jnguyen@example.net,"701 Hoàng Ngõ, Thành phố JohnXã, 150202"
806,Quang Thị Mai,40,Nam,jane76@example.net,"5 Jane Đường, Thành phố JohnPhường, 384204"
807,Bà Dương Nguyễn,37,Nam,john25@example.org,"68 Jane Tổ, JohnXã, 867366"
808,Bà Hương Nguyễn,43,Nữ,john21@example.net,"32 Bùi Số, Thị xã JohnXã, 909712"
809,Huy Trí Trần,75,Nữ,phamjohn@example.org,"5 John Hẻm, Quận JohnXã, 631363"
810,Quang Thế Trần,38,Nữ,ypham@example.com,"074 John Khu, JohnPhường, 633620"
811,Hải Vũ,74,Nữ,maijane@example.net,"878 John Dãy, JaneThị xã, 187406"
812,Anh Thành Bùi,32,Nữ,hoangjane@example.com,"61 Jane Tổ, Thị xã JohnThị xã, 886436"
813,Quý ông Hoàng Mai,32,Nam,johndang@example.org,"730 Mai Đường, JaneThành phố, 536104"
814,Thành Phú Trần,23,Nam,jane70@example.net,"77 Jane Khu, Quận JaneThị xã, 570760"
815,Chị An Lê,29,Nam,janetran@example.org,"0 Jane Hẻm, Huyện JaneThành phố, 211703"
816,Khoa Lê,29,Nam,jane61@example.org,"717 Jane Làng, Huyện JohnThành phố, 581493"
817,Kim Trần,60,Nam,janetran@example.com,"1 Jane Dãy, JaneXã, 471615"
818,Quang Đức Phạm,31,Nữ,vujohn@example.org,"9 Nguyễn Hẻm, JaneQuận, 467451"
819,An Dương,39,Nữ,john43@example.org,"29 John Khu, JohnPhường, 444912"
820,Thảo Bùi,29,Nam,gnguyen@example.com,"4 Jane Đường, JohnThành phố, 210638"
821,Quý cô Phương Dương,34,Nữ,tmai@example.net,"84 John Đường, Quận JohnQuận, 300501"
822,Trung Quang Trần,59,Nữ,janeduong@example.com,"5 Đặng Đường, JohnQuận, 113479"
823,Bác Châu Phạm,79,Nữ,duongjane@example.com,"79 Phạm Hẻm, JohnPhường, 235567"
824,Quý ông Hoàng Lê,34,Nữ,janeduong@example.org,"7 Jane Tổ, Huyện JanePhường, 501534"
825,Hạnh Hải Vũ,32,Nam,john79@example.net,"78 Nguyễn Ngõ, JaneQuận, 146755"
826,Trọng Hoàng,64,Nam,johnduong@example.net,"4 John Số, JohnThành phố, 275464"
827,Quý cô Nhật Bùi,27,Nam,janedang@example.com,"00 Dương Số, Huyện JohnThị xã, 318802"
828,Hạnh Quang Nguyễn,66,Nam,johndang@example.net,"6 Jane Dãy, Thị xã JanePhường, 569305"
829,Châu Tấn Lê,56,Nữ,maijane@example.com,"20 Hoàng Hẻm, Thành phố JohnXã, 589007"
830,Dương Lê,25,Nam,janeduong@example.org,"206 Trần Dãy, JohnHuyện, 436122"
831,Nam Bùi,44,Nữ,johnhoang@example.net,"5 John Đường, Quận JohnXã, 133350"
832,Vũ Tấn Phạm,49,Nữ,vnguyen@example.net,"4 Vũ Dãy, Thị xã JaneQuận, 179969"
833,Bảo Dương,43,Nữ,vduong@example.com,"1 Lê Khu, JohnThị xã, 531232"
834,Vi Trần,61,Nữ,john54@example.com,"87 John Tổ, JaneXã, 239633"
835,Chị Vi Lê,27,Nữ,johnle@example.org,"068 Nguyễn Hẻm, JohnHuyện, 955544"
836,Thành Lê,45,Nam,janenguyen@example.com,"05 John Đường, JohnPhường, 358918"
837,Lâm Đặng,50,Nam,john32@example.net,"196 Mai Ngõ, Huyện JaneQuận, 351221"
838,Nhiên Mai Mai,34,Nam,john62@example.net,"19 Đặng Số, Thị xã JohnXã, 800429"
839,Nhật Vũ,20,Nam,cmai@example.net,"052 Jane Làng, JohnThị xã, 709040"
840,Nhật Mai Nguyễn,59,Nữ,duongjohn@example.com,"JohnPhường, 03 Đặng Làng, 129833"
841,Bảo Trần,75,Nữ,johnhoang@example.com,"18 Phạm Số, Huyện JohnHuyện, 271674"
842,Bà Hạnh Trần,51,Nam,rmai@example.org,"9 Vũ Dãy, Thành phố JohnPhường, 165744"
843,Trung Trí Hoàng,34,Nam,jane35@example.com,"14 John Tổ, JohnQuận, 778344"
844,Chi Hoàng,28,Nữ,lejane@example.org,"4 Vũ Tổ, JohnXã, 213048"
845,Ánh Trần,28,Nam,kvu@example.com,"408 Bùi Khu, Thị xã JaneThị xã, 943659"
846,Ông Tùng Vũ,48,Nữ,unguyen@example.com,"2 John Hẻm, Thành phố JohnThị xã, 643750"
847,Phương Văn Mai,66,Nữ,jane74@example.org,"384 Jane Số, Quận JaneThị xã, 426745"
848,Anh Anh Trần,47,Nữ,maijohn@example.net,"4 John Hẻm, Quận JaneHuyện, 215188"
849,Lâm Hải Vũ,31,Nam,duongjohn@example.com,"32 Phạm Làng, JaneQuận, 777878"
850,Anh Huy Dương,33,Nữ,janemai@example.com,"530 Lê Khu, Quận JohnThành phố, 186057"
851,Tú Đức Nguyễn,53,Nam,phamjane@example.com,"2 Jane Tổ, Thị xã JaneQuận, 737030"
852,Quý cô Ánh Đặng,23,Nam,janedang@example.com,"311 Jane Dãy, Quận JohnQuận, 250861"
853,Bảo Phạm,30,Nữ,dle@example.net,"5 Jane Khu, JanePhường, 359283"
854,Bảo Trần,64,Nữ,john53@example.com,"75 Bùi Làng, Huyện JohnXã, 567479"
855,Thảo Trần,73,Nam,duongjane@example.net,"329 Trần Làng, Thị xã JohnThị xã, 807133"
856,Anh Hoàng,20,Nam,vtran@example.org,"08 Jane Làng, JaneXã, 417984"
857,Châu Hoàng,23,Nữ,hoangjane@example.net,"7 John Tổ, JohnThành phố, 854421"
858,Thành Dương,19,Nam,nle@example.net,"9 John Ngõ, JaneXã, 930222"
859,Ánh Trần,21,Nam,dpham@example.net,"898 Jane Tổ, JohnHuyện, 328999"
860,Lâm Thị Trần,53,Nữ,jnguyen@example.com,"7 Đặng Làng, JanePhường, 405131"
861,Mai Lê,24,Nam,janebui@example.com,"190 Phạm Hẻm, JohnThành phố, 914839"
862,Nhật Tấn Đặng,73,Nam,vhoang@example.org,"35 Hoàng Tổ, JohnQuận, 313570"
863,Nhiên Văn Đặng,20,Nam,nhoang@example.org,"6 Jane Khu, Thành phố JohnHuyện, 787211"
864,Cô Hồng Đặng,30,Nữ,tranjane@example.org,"17 John Tổ, JanePhường, 302668"
865,Tùng Dương,23,Nam,vujane@example.net,"30 John Tổ, JohnThành phố, 407184"
866,Minh Đức Hoàng,55,Nữ,johnmai@example.org,"300 Lê Làng, Huyện JanePhường, 478328"
867,Hưng Phạm,46,Nữ,johnduong@example.net,"470 Dương Tổ, Huyện JaneThành phố, 669572"
868,Quý ông Vũ Nguyễn,69,Nữ,janeduong@example.org,"0 Jane Khu, Quận JaneHuyện, 482256"
869,Phương Đặng,31,Nữ,john09@example.org,"9 John Làng, Thị xã JohnThị xã, 203234"
870,Lâm Hoàng,72,Nữ,jane13@example.org,"94 Vũ Hẻm, JanePhường, 833075"
871,Chị An Lê,76,Nam,bdang@example.net,"6 Dương Tổ, Thành phố JaneThành phố, 552719"
872,Ông Dũng Lê,28,Nữ,mnguyen@example.org,"580 Trần Tổ, JaneHuyện, 327419"
873,Anh Châu Trần,63,Nữ,vujohn@example.com,"581 John Làng, Huyện JohnThị xã, 174779"
874,Vân Đặng,45,Nữ,zhoang@example.com,"884 John Đường, Thành phố JaneThị xã, 503342"
875,Cô Bảo Hoàng,50,Nam,janebui@example.com,"45 Jane Dãy, Huyện JaneThị xã, 888986"
876,Ông Minh Hoàng,22,Nữ,john72@example.org,"6 Hoàng Hẻm, Huyện JaneXã, 305050"
877,Bà Khoa Đặng,28,Nam,jane52@example.net,"7 Jane Làng, Thị xã JaneHuyện, 484667"
878,Cô Kim Đặng,38,Nữ,tvu@example.org,"38 Jane Dãy, JaneThị xã, 248434"
879,Phương Quang Trần,51,Nữ,tranjane@example.org,"4 Mai Làng, JohnPhường, 876634"
880,Khoa Lê,59,Nữ,tranjohn@example.org,"45 Jane Hẻm, Thành phố JohnHuyện, 191553"
881,Bảo Xuân Bùi,30,Nữ,hpham@example.net,"Thành phố JohnHuyện, 6 Phạm Ngõ, 972758"
882,Mai Hoàng,24,Nam,vujane@example.net,"2 Phạm Hẻm, Quận JohnThành phố, 476967"
883,Cô Ngọc Đặng,72,Nam,jane98@example.com,"66 Nguyễn Làng, Thị xã JaneThành phố, 499848"
884,Thành Phạm,64,Nữ,jane38@example.org,"45 John Tổ, Thành phố JohnThị xã, 944373"
885,Thành Vũ,38,Nữ,buijane@example.com,"133 John Hẻm, JanePhường, 696259"
886,Bà Xuân Mai,23,Nữ,bnguyen@example.com,"431 Jane Khu, Quận JaneHuyện, 488025"
887,Nhiên Hoàng Lê,65,Nữ,john25@example.net,"206 John Hẻm, JaneQuận, 222546"
888,Thành Hoàng,57,Nữ,janepham@example.com,"7 Lê Khu, JanePhường, 295389"
889,Quang Lê,67,Nữ,johnmai@example.org,"012 Jane Tổ, Quận JaneXã, 392828"
890,Xuân Vũ,50,Nữ,john29@example.com,"14 Jane Đường, Huyện JaneThành phố, 514049"
891,Quý ông Hoàng Nguyễn,61,Nam,maijohn@example.org,"6 Jane Làng, JaneQuận, 585665"
892,Ông Trọng Nguyễn,63,Nữ,maijane@example.org,"32 John Dãy, JohnHuyện, 683614"
893,Lan Lê,47,Nam,dvu@example.net,"35 Bùi Đường, Huyện JohnXã, 943168"
894,Cô Nhật Bùi,61,Nam,john61@example.com,"4 John Khu, JohnThành phố, 864250"
895,Chị Thảo Lê,27,Nam,phamjohn@example.org,"140 Bùi Đường, Quận JohnPhường, 742740"
896,Quý cô An Trần,53,Nữ,onguyen@example.net,"7 Phạm Số, JohnThành phố, 740842"
897,Chị Dương Mai,54,Nữ,john85@example.net,"4 Phạm Dãy, Huyện JanePhường, 484505"
898,Tùng Phú Bùi,38,Nữ,hoangjane@example.com,"59 Trần Hẻm, JohnThành phố, 464972"
899,Bà Hải Trần,25,Nữ,jane72@example.org,"5 John Tổ, JohnXã, 490965"
900,Nhật Mai Bảo Mai,41,Nữ,lejohn@example.org,"2 Hoàng Tổ, JohnQuận, 947911"
901,Bảo Hải Phạm,65,Nữ,janemai@example.com,"082 Jane Đường, Huyện JohnThị xã, 373090"
902,Anh Bảo Vũ,65,Nam,jane47@example.net,"917 Trần Đường, Huyện JohnQuận, 154413"
903,Ông Quang Bùi,80,Nam,buijane@example.org,"0 Phạm Tổ, JaneHuyện, 898962"
904,Dũng Quang Mai,55,Nữ,fle@example.net,"10 Jane Khu, JaneHuyện, 265392"
905,Linh Mai,68,Nam,itran@example.net,"3 John Hẻm, Quận JohnHuyện, 821774"
906,Chị Hồng Vũ,41,Nam,ibui@example.org,"6 Jane Khu, JanePhường, 729348"
907,Khoa Hoàng,43,Nam,janedang@example.org,"673 Lê Làng, Huyện JohnHuyện, 611347"
908,Bà Hà Đặng,33,Nữ,tvu@example.com,"966 Jane Tổ, JohnThị xã, 580846"
909,Bà Hồng Lê,75,Nam,vujane@example.org,"533 Dương Làng, JaneHuyện, 299258"
910,Bà Kim Nguyễn,36,Nữ,rdang@example.com,"8 Vũ Đường, Thị xã JohnPhường, 958628"
911,Bà Ánh Nguyễn,68,Nữ,hle@example.com,"083 John Số, Thị xã JohnQuận, 928352"
912,Hải Trí Bùi,71,Nam,john06@example.com,"2 Jane Dãy, JaneThành phố, 691560"
913,Chị Dương Bùi,19,Nam,johnle@example.net,"JaneThành phố, 807 John Ngõ, 135963"
914,Bà Nhật Phạm,58,Nữ,dangjohn@example.net,"3 Bùi Hẻm, JaneThành phố, 640473"
915,Quý cô Hà Dương,79,Nam,nguyenjane@example.net,"7 John Đường, Huyện JohnThị xã, 435442"
916,Bảo Phú Nguyễn,46,Nữ,john93@example.com,"319 Trần Số, JohnHuyện, 828550"
917,Mai Lê,47,Nam,janeduong@example.net,"49 Dương Khu, JaneThành phố, 610593"
918,Nhiên Lê,43,Nữ,john84@example.org,"1 Phạm Dãy, JaneThị xã, 384527"
919,Bác Minh Dương,48,Nam,umai@example.com,"8 Jane Hẻm, Thành phố JohnThành phố, 979023"
920,Bác Anh Hoàng,25,Nam,johndang@example.org,"77 Mai Tổ, Thành phố JohnThị xã, 782850"
921,Hoàng Hải Bùi,57,Nữ,jane14@example.org,"56 Jane Làng, Quận JohnThị xã, 742278"
922,Cô Lâm Bùi,71,Nữ,john39@example.com,"43 Đặng Hẻm, JaneXã, 227255"
923,Ông Hoàng Trần,44,Nam,janele@example.com,"779 Mai Làng, JaneXã, 893404"
924,Tú Mai Mai,69,Nữ,janevu@example.net,"546 Jane Ngõ, JohnXã, 900776"
925,Huy Nguyễn,48,Nữ,janevu@example.net,"287 Bùi Làng, JohnHuyện, 125192"
926,An Đặng,65,Nam,janevu@example.net,"75 Mai Đường, JaneThành phố, 687744"
927,Cô Dương Trần,34,Nam,lejohn@example.org,"387 Trần Dãy, JaneHuyện, 761617"
928,Quang Thị Lê,36,Nữ,jane68@example.org,"81 Dương Hẻm, Thành phố JohnThành phố, 206587"
929,Minh Vũ,23,Nữ,tnguyen@example.org,"879 Jane Tổ, JohnPhường, 323348"
930,Cô Mai Nguyễn,28,Nữ,nbui@example.net,"45 Jane Số, Thị xã JaneQuận, 712947"
931,Dương Dương,33,Nữ,john53@example.com,"8 Trần Ngõ, Thành phố JohnPhường, 440470"
932,Mai Phạm,52,Nam,maijane@example.com,"9 Nguyễn Làng, Quận JaneThành phố, 434294"
933,Quý ông Bảo Đặng,21,Nữ,jane42@example.net,"JohnXã, 508 Hoàng Dãy, 226819"
934,Quý cô Hương Mai,49,Nữ,ahoang@example.org,"723 Jane Làng, Thị xã JanePhường, 394082"
935,Quý ông Vũ Bùi,63,Nữ,johnle@example.com,"152 John Hẻm, JohnXã, 327736"
936,Duyên Trần,43,Nam,cvu@example.com,"418 John Đường, Thị xã JaneXã, 761177"
937,Châu Vũ,46,Nam,jane42@example.net,"77 Nguyễn Hẻm, Thị xã JaneXã, 143893"
938,Bảo Trí Phạm,67,Nữ,tranjohn@example.com,"5 John Đường, JohnHuyện, 722243"
939,Hồng Bùi,66,Nam,maijane@example.org,"4 John Khu, JaneThị xã, 796918"
940,Hà Phạm,23,Nữ,tle@example.org,"8 John Làng, Quận JanePhường, 403674"
941,Hồng Lê,53,Nam,john90@example.com,"04 John Làng, JaneHuyện, 307293"
942,Bác Tùng Bùi,78,Nữ,janehoang@example.net,"78 John Dãy, JohnHuyện, 862632"
943,Quang Thị Lê,22,Nam,janele@example.com,"15 Jane Ngõ, JaneHuyện, 825762"
944,Cô Nhật Lê,79,Nam,wduong@example.com,"17 Jane Đường, JaneXã, 606966"
945,Thành Bùi,66,Nữ,john22@example.net,"547 John Ngõ, JaneThành phố, 543616"
946,Chị Bảo Nguyễn,31,Nữ,dangjohn@example.net,"5 Bùi Đường, Thị xã JanePhường, 169771"
947,Quý ông Huy Bùi,47,Nam,john14@example.org,"Thành phố JohnXã, 064 Jane Hẻm, 348449"
948,Thành Phạm,66,Nữ,jane18@example.net,"7 Phạm Tổ, Thành phố JohnThị xã, 842201"
949,Yến Nguyễn,69,Nam,john80@example.net,"944 Jane Ngõ, JaneHuyện, 978925"
950,Dũng Phạm,55,Nam,tduong@example.com,"24 Jane Ngõ, JohnThị xã, 445454"
951,Anh Hưng Đặng,51,Nữ,amai@example.net,"475 Đặng Khu, Huyện JaneXã, 430287"
952,Xuân Mai,35,Nữ,janebui@example.org,"5 Vũ Số, JohnQuận, 448230"
953,Bà Duyên Bùi,66,Nữ,hnguyen@example.com,"380 Lê Tổ, Thành phố JohnQuận, 121721"
954,Hồng Bùi,70,Nữ,jane36@example.com,"327 Đặng Hẻm, JohnPhường, 680725"
955,Chị Xuân Nguyễn,42,Nam,vtran@example.net,"9 Jane Hẻm, JohnHuyện, 461396"
956,Anh Anh Lê,24,Nam,npham@example.com,"618 Trần Ngõ, JaneThành phố, 135251"
957,Thành Văn Đặng,75,Nữ,jane76@example.com,"378 John Số, JaneThị xã, 651776"
958,Chi Đặng,32,Nam,john60@example.net,"6 John Làng, JohnThị xã, 242206"
959,Phúc Mai Nguyễn,24,Nữ,johndang@example.com,"38 Dương Đường, JohnThị xã, 789491"
960,Duyên Phạm,68,Nữ,maijohn@example.org,"468 Jane Dãy, Quận JohnXã, 801198"
961,Khoa Phú Đặng,33,Nam,john22@example.org,"962 John Tổ, Thị xã JaneQuận, 213770"
962,Phương Vũ,51,Nữ,janetran@example.com,"164 Jane Hẻm, Quận JohnXã, 483930"
963,Anh Trần,28,Nam,janeduong@example.net,"187 Phạm Đường, JohnQuận, 915003"
964,Anh Trọng Lê,29,Nam,jane70@example.com,"66 Jane Tổ, JohnQuận, 344839"
965,Bác Trung Mai,67,Nữ,johnle@example.net,"569 Phạm Ngõ, JohnThị xã, 661327"
966,Quý ông Châu Phạm,61,Nam,tranjane@example.com,"1 John Ngõ, Huyện JaneThị xã, 384554"
967,Chị Hương Bùi,48,Nam,johnnguyen@example.com,"122 Jane Ngõ, Huyện JaneThành phố, 405229"
968,Quý cô Ngọc Nguyễn,37,Nam,ipham@example.net,"JaneThị xã, 82 Phạm Tổ, 853650"
969,Ông Dũng Hoàng,36,Nữ,johnduong@example.org,"74 John Ngõ, Huyện JohnThành phố, 594393"
970,Bảo Hoàng Trần,62,Nam,jane76@example.net,"741 Jane Ngõ, Huyện JohnHuyện, 176760"
971,Bảo Đức Dương,65,Nữ,kdang@example.org,"2 Mai Đường, Quận JohnThị xã, 813978"
972,Ánh Bùi,54,Nữ,jane01@example.net,"75 Phạm Làng, JaneXã, 333749"
973,Huy Xuân Trần,46,Nữ,ebui@example.org,"55 Phạm Hẻm, JaneThành phố, 910329"
974,Bà Khoa Dương,58,Nam,dbui@example.net,"5 Hoàng Đường, JohnThị xã, 443056"
975,Hạnh Dương,41,Nam,buijane@example.net,"244 Trần Đường, JohnQuận, 362118"
976,Chị Kim Đặng,53,Nữ,lduong@example.com,"050 Dương Khu, JohnHuyện, 823505"
977,Vũ Nguyễn,30,Nữ,fdang@example.com,"1 Jane Ngõ, JohnPhường, 294253"
978,Nam Hoàng Hoàng,39,Nam,johnmai@example.com,"JaneHuyện, 2 Jane Làng, 436611"
979,Chị Linh Bùi,39,Nam,john92@example.com,"53 John Hẻm, Thị xã JohnThị xã, 908171"
980,Ông Trung Phạm,77,Nam,jane28@example.org,"3 Phạm Làng, Quận JohnQuận, 883074"
981,Phương Dương,35,Nam,lejohn@example.org,"1 Trần Hẻm, Thị xã JaneThị xã, 529893"
982,Thành Bùi,57,Nam,dangjohn@example.org,"1 Trần Làng, Thành phố JohnThị xã, 704729"
983,Nhật Vũ,28,Nam,johndang@example.com,"6 Jane Tổ, JaneThị xã, 863808"
984,Hải Mai Bảo Phạm,73,Nam,avu@example.com,"888 Phạm Tổ, JaneXã, 608831"
985,Minh Phạm,65,Nam,rduong@example.com,"249 John Tổ, Huyện JaneXã, 425503"
986,Bà Hạnh Lê,68,Nữ,dangjohn@example.net,"31 John Ngõ, Quận JohnXã, 433858"
987,Hưng Thế Bùi,47,Nam,lejane@example.com,"816 John Hẻm, Thị xã JaneThành phố, 951133"
988,An Quang Vũ,69,Nam,john44@example.org,"9 Dương Ngõ, JohnHuyện, 273574"
989,Bà Dương Dương,72,Nữ,johnvu@example.net,"3 Trần Khu, JohnPhường, 523941"
990,Nhiên Nguyễn,27,Nữ,johntran@example.org,"912 Nguyễn Đường, Thành phố JaneQuận, 489073"
991,An Lê,40,Nữ,janehoang@example.com,"1 Hoàng Khu, JohnHuyện, 407296"
992,An Lê,57,Nam,jane93@example.net,"22 Jane Tổ, JanePhường, 190370"
993,Chị Hải Bùi,79,Nam,jane77@example.net,"92 Jane Dãy, Huyện JaneThị xã, 228405"
994,Huy Trần,33,Nữ,johnpham@example.org,"1 John Dãy, JohnPhường, 972500"
995,Anh Quang Vũ,35,Nữ,maijohn@example.net,"78 Vũ Ngõ, Huyện JaneXã, 319864"
996,Thành Mai,60,Nữ,dle@example.net,"126 Nguyễn Làng, Thị xã JaneQuận, 993857"
997,Huy Trần,31,Nữ,otran@example.com,"5 Trần Tổ, Thị xã JaneThị xã, 675083"
998,Nhật Dương,54,Nữ,smai@example.net,"Huyện JohnThị xã, 23 Jane Số, 240262"
999,Vi Đặng,60,Nam,buijane@example.com,"8 Trần Ngõ, Thành phố JaneQuận, 375659"
1000,Bác Minh Dương,25,Nam,janeduong@example.org,"7 John Tổ, JohnQuận, 367208"
